library_name,repo,file,fetch_date,last_updated
sklearn,shafiurrahman/heroku-salary-prediction,train.py,2025-03-13T03:16:38.965525,2021-11-09T09:24:30Z
numpy,shafiurrahman/heroku-salary-prediction,train.py,2025-03-13T03:16:38.965525,2021-11-09T09:24:30Z
pandas,shafiurrahman/heroku-salary-prediction,train.py,2025-03-13T03:16:38.965525,2021-11-09T09:24:30Z
joblib,shafiurrahman/heroku-salary-prediction,train.py,2025-03-13T03:16:38.965525,2021-11-09T09:24:30Z
numpy,shafiurrahman/heroku-salary-prediction,main.py,2025-03-13T03:16:38.965525,2021-11-09T09:24:30Z
flask,shafiurrahman/heroku-salary-prediction,main.py,2025-03-13T03:16:38.965525,2021-11-09T09:24:30Z
joblib,shafiurrahman/heroku-salary-prediction,main.py,2025-03-13T03:16:38.965525,2021-11-09T09:24:30Z
re,David-coder02/AirBnB_clone,console.py,2025-03-13T03:16:40.762082,2021-11-23T11:39:00Z
cmd,David-coder02/AirBnB_clone,console.py,2025-03-13T03:16:40.762082,2021-11-23T11:39:00Z
models,David-coder02/AirBnB_clone,console.py,2025-03-13T03:16:40.762082,2021-11-23T11:39:00Z
json,David-coder02/AirBnB_clone,console.py,2025-03-13T03:16:40.762082,2021-11-23T11:39:00Z
models,David-coder02/AirBnB_clone,tests/test_console.py,2025-03-13T03:16:40.762082,2021-11-23T11:39:00Z
io,David-coder02/AirBnB_clone,tests/test_console.py,2025-03-13T03:16:40.762082,2021-11-23T11:39:00Z
os,David-coder02/AirBnB_clone,tests/test_console.py,2025-03-13T03:16:40.762082,2021-11-23T11:39:00Z
console,David-coder02/AirBnB_clone,tests/test_console.py,2025-03-13T03:16:40.762082,2021-11-23T11:39:00Z
re,David-coder02/AirBnB_clone,tests/test_console.py,2025-03-13T03:16:40.762082,2021-11-23T11:39:00Z
sys,David-coder02/AirBnB_clone,tests/test_console.py,2025-03-13T03:16:40.762082,2021-11-23T11:39:00Z
datetime,David-coder02/AirBnB_clone,tests/test_console.py,2025-03-13T03:16:40.762082,2021-11-23T11:39:00Z
unittest,David-coder02/AirBnB_clone,tests/test_console.py,2025-03-13T03:16:40.762082,2021-11-23T11:39:00Z
json,matt5797/rawsocket_sniffer,sniffer_gui.py,2025-03-13T03:16:41.764448,2021-12-08T06:34:22Z
time,matt5797/rawsocket_sniffer,sniffer_gui.py,2025-03-13T03:16:41.764448,2021-12-08T06:34:22Z
os,matt5797/rawsocket_sniffer,sniffer_gui.py,2025-03-13T03:16:41.764448,2021-12-08T06:34:22Z
argparse,matt5797/rawsocket_sniffer,sniffer_gui.py,2025-03-13T03:16:41.764448,2021-12-08T06:34:22Z
sniffer_core,matt5797/rawsocket_sniffer,sniffer_gui.py,2025-03-13T03:16:41.764448,2021-12-08T06:34:22Z
sys,matt5797/rawsocket_sniffer,sniffer_gui.py,2025-03-13T03:16:41.764448,2021-12-08T06:34:22Z
re,matt5797/rawsocket_sniffer,sniffer_gui.py,2025-03-13T03:16:41.764448,2021-12-08T06:34:22Z
PyQt5,matt5797/rawsocket_sniffer,sniffer_gui.py,2025-03-13T03:16:41.764448,2021-12-08T06:34:22Z
sniffer_core,matt5797/rawsocket_sniffer,sniffer_cli.py,2025-03-13T03:16:41.764448,2021-12-08T06:34:22Z
argparse,matt5797/rawsocket_sniffer,sniffer_cli.py,2025-03-13T03:16:41.764448,2021-12-08T06:34:22Z
struct,matt5797/rawsocket_sniffer,sniffer_core.py,2025-03-13T03:16:41.764448,2021-12-08T06:34:22Z
io,matt5797/rawsocket_sniffer,sniffer_core.py,2025-03-13T03:16:41.764448,2021-12-08T06:34:22Z
os,matt5797/rawsocket_sniffer,sniffer_core.py,2025-03-13T03:16:41.764448,2021-12-08T06:34:22Z
socket,matt5797/rawsocket_sniffer,sniffer_core.py,2025-03-13T03:16:41.764448,2021-12-08T06:34:22Z
binascii,matt5797/rawsocket_sniffer,sniffer_core.py,2025-03-13T03:16:41.764448,2021-12-08T06:34:22Z
distutils,Ocupe/Projectors,cmd.py,2025-03-13T03:16:42.593970,2025-02-26T19:33:52Z
zipfile,Ocupe/Projectors,cmd.py,2025-03-13T03:16:42.593970,2025-02-26T19:33:52Z
fire,Ocupe/Projectors,cmd.py,2025-03-13T03:16:42.593970,2025-02-26T19:33:52Z
pathlib,Ocupe/Projectors,cmd.py,2025-03-13T03:16:42.593970,2025-02-26T19:33:52Z
typing,Ocupe/Projectors,cmd.py,2025-03-13T03:16:42.593970,2025-02-26T19:33:52Z
loguru,Ocupe/Projectors,cmd.py,2025-03-13T03:16:42.593970,2025-02-26T19:33:52Z
tempfile,Ocupe/Projectors,cmd.py,2025-03-13T03:16:42.593970,2025-02-26T19:33:52Z
os,Ocupe/Projectors,cmd.py,2025-03-13T03:16:42.593970,2025-02-26T19:33:52Z
re,Ocupe/Projectors,cmd.py,2025-03-13T03:16:42.593970,2025-02-26T19:33:52Z
subprocess,Ocupe/Projectors,cmd.py,2025-03-13T03:16:42.593970,2025-02-26T19:33:52Z
helper,Ocupe/Projectors,ui.py,2025-03-13T03:16:42.593970,2025-02-26T19:33:52Z
bpy,Ocupe/Projectors,ui.py,2025-03-13T03:16:42.593970,2025-02-26T19:33:52Z
projector,Ocupe/Projectors,ui.py,2025-03-13T03:16:42.593970,2025-02-26T19:33:52Z
helper,Ocupe/Projectors,projector.py,2025-03-13T03:16:42.593970,2025-02-26T19:33:52Z
logging,Ocupe/Projectors,projector.py,2025-03-13T03:16:42.593970,2025-02-26T19:33:52Z
bpy,Ocupe/Projectors,projector.py,2025-03-13T03:16:42.593970,2025-02-26T19:33:52Z
os,Ocupe/Projectors,projector.py,2025-03-13T03:16:42.593970,2025-02-26T19:33:52Z
enum,Ocupe/Projectors,projector.py,2025-03-13T03:16:42.593970,2025-02-26T19:33:52Z
math,Ocupe/Projectors,projector.py,2025-03-13T03:16:42.593970,2025-02-26T19:33:52Z
random,Ocupe/Projectors,helper.py,2025-03-13T03:16:42.593970,2025-02-26T19:33:52Z
colorsys,Ocupe/Projectors,helper.py,2025-03-13T03:16:42.593970,2025-02-26T19:33:52Z
bpy,Ocupe/Projectors,helper.py,2025-03-13T03:16:42.593970,2025-02-26T19:33:52Z
bpy,Ocupe/Projectors,tests.py,2025-03-13T03:16:42.593970,2025-02-26T19:33:52Z
unittest,Ocupe/Projectors,tests.py,2025-03-13T03:16:42.593970,2025-02-26T19:33:52Z
bpy,Ocupe/Projectors,operators.py,2025-03-13T03:16:42.593970,2025-02-26T19:33:52Z
random,Hhacel/Python-Pong,Ball.py,2025-03-13T03:16:43.433706,2019-07-22T22:09:12Z
pygame,Hhacel/Python-Pong,Ball.py,2025-03-13T03:16:43.433706,2019-07-22T22:09:12Z
math,Hhacel/Python-Pong,Ball.py,2025-03-13T03:16:43.433706,2019-07-22T22:09:12Z
Player,Hhacel/Python-Pong,Ball.py,2025-03-13T03:16:43.433706,2019-07-22T22:09:12Z
pygame,Hhacel/Python-Pong,Player.py,2025-03-13T03:16:43.433706,2019-07-22T22:09:12Z
pygame,Hhacel/Python-Pong,Pong.py,2025-03-13T03:16:43.433706,2019-07-22T22:09:12Z
sys,Hhacel/Python-Pong,Pong.py,2025-03-13T03:16:43.433706,2019-07-22T22:09:12Z
Ball,Hhacel/Python-Pong,Pong.py,2025-03-13T03:16:43.433706,2019-07-22T22:09:12Z
Player,Hhacel/Python-Pong,Pong.py,2025-03-13T03:16:43.433706,2019-07-22T22:09:12Z
statistics,rthorst/TwitterSentiment,twitter_sent.py,2025-03-13T03:16:44.124826,2025-03-01T23:39:28Z
bokeh,rthorst/TwitterSentiment,twitter_sent.py,2025-03-13T03:16:44.124826,2025-03-01T23:39:28Z
tweepy,rthorst/TwitterSentiment,twitter_sent.py,2025-03-13T03:16:44.124826,2025-03-01T23:39:28Z
vaderSentiment,rthorst/TwitterSentiment,twitter_sent.py,2025-03-13T03:16:44.124826,2025-03-01T23:39:28Z
json,rthorst/TwitterSentiment,twitter_sent.py,2025-03-13T03:16:44.124826,2025-03-01T23:39:28Z
collections,rthorst/TwitterSentiment,twitter_sent.py,2025-03-13T03:16:44.124826,2025-03-01T23:39:28Z
random,rthorst/TwitterSentiment,twitter_sent.py,2025-03-13T03:16:44.124826,2025-03-01T23:39:28Z
os,rthorst/TwitterSentiment,twitter_sent.py,2025-03-13T03:16:44.124826,2025-03-01T23:39:28Z
operator,rthorst/TwitterSentiment,twitter_sent.py,2025-03-13T03:16:44.124826,2025-03-01T23:39:28Z
csv,rthorst/TwitterSentiment,twitter_sent.py,2025-03-13T03:16:44.124826,2025-03-01T23:39:28Z
webapp2,rthorst/TwitterSentiment,twitter_sent.py,2025-03-13T03:16:44.124826,2025-03-01T23:39:28Z
numpy,rthorst/TwitterSentiment,twitter_sent.py,2025-03-13T03:16:44.124826,2025-03-01T23:39:28Z
google,rthorst/TwitterSentiment,appengine_config.py,2025-03-13T03:16:44.124826,2025-03-01T23:39:28Z
singledispatch_helpers,rthorst/TwitterSentiment,lib/singledispatch.py,2025-03-13T03:16:44.124826,2025-03-01T23:39:28Z
weakref,rthorst/TwitterSentiment,lib/singledispatch.py,2025-03-13T03:16:44.124826,2025-03-01T23:39:28Z
__future__,rthorst/TwitterSentiment,lib/singledispatch.py,2025-03-13T03:16:44.124826,2025-03-01T23:39:28Z
functools,rthorst/TwitterSentiment,lib/singledispatch.py,2025-03-13T03:16:44.124826,2025-03-01T23:39:28Z
__future__,rthorst/TwitterSentiment,lib/singledispatch_helpers.py,2025-03-13T03:16:44.124826,2025-03-01T23:39:28Z
UserDict,rthorst/TwitterSentiment,lib/singledispatch_helpers.py,2025-03-13T03:16:44.124826,2025-03-01T23:39:28Z
abc,rthorst/TwitterSentiment,lib/singledispatch_helpers.py,2025-03-13T03:16:44.124826,2025-03-01T23:39:28Z
collections,rthorst/TwitterSentiment,lib/singledispatch_helpers.py,2025-03-13T03:16:44.124826,2025-03-01T23:39:28Z
ordereddict,rthorst/TwitterSentiment,lib/singledispatch_helpers.py,2025-03-13T03:16:44.124826,2025-03-01T23:39:28Z
_thread,rthorst/TwitterSentiment,lib/singledispatch_helpers.py,2025-03-13T03:16:44.124826,2025-03-01T23:39:28Z
_dummy_thread,rthorst/TwitterSentiment,lib/singledispatch_helpers.py,2025-03-13T03:16:44.124826,2025-03-01T23:39:28Z
sys,rthorst/TwitterSentiment,lib/singledispatch_helpers.py,2025-03-13T03:16:44.124826,2025-03-01T23:39:28Z
thread,rthorst/TwitterSentiment,lib/singledispatch_helpers.py,2025-03-13T03:16:44.124826,2025-03-01T23:39:28Z
re,rthorst/TwitterSentiment,lib/HTMLParser.py,2025-03-13T03:16:44.124826,2025-03-01T23:39:28Z
htmlentitydefs,rthorst/TwitterSentiment,lib/HTMLParser.py,2025-03-13T03:16:44.124826,2025-03-01T23:39:28Z
markupbase,rthorst/TwitterSentiment,lib/HTMLParser.py,2025-03-13T03:16:44.124826,2025-03-01T23:39:28Z
http,rthorst/TwitterSentiment,lib/sockshandler.py,2025-03-13T03:16:44.124826,2025-03-01T23:39:28Z
urllib,rthorst/TwitterSentiment,lib/sockshandler.py,2025-03-13T03:16:44.124826,2025-03-01T23:39:28Z
urllib2,rthorst/TwitterSentiment,lib/sockshandler.py,2025-03-13T03:16:44.124826,2025-03-01T23:39:28Z
ssl,rthorst/TwitterSentiment,lib/sockshandler.py,2025-03-13T03:16:44.124826,2025-03-01T23:39:28Z
httplib,rthorst/TwitterSentiment,lib/sockshandler.py,2025-03-13T03:16:44.124826,2025-03-01T23:39:28Z
sys,rthorst/TwitterSentiment,lib/sockshandler.py,2025-03-13T03:16:44.124826,2025-03-01T23:39:28Z
socks,rthorst/TwitterSentiment,lib/sockshandler.py,2025-03-13T03:16:44.124826,2025-03-01T23:39:28Z
errno,rthorst/TwitterSentiment,lib/socks.py,2025-03-13T03:16:44.124826,2025-03-01T23:39:28Z
win_inet_pton,rthorst/TwitterSentiment,lib/socks.py,2025-03-13T03:16:44.124826,2025-03-01T23:39:28Z
logging,rthorst/TwitterSentiment,lib/socks.py,2025-03-13T03:16:44.124826,2025-03-01T23:39:28Z
struct,rthorst/TwitterSentiment,lib/socks.py,2025-03-13T03:16:44.124826,2025-03-01T23:39:28Z
sys,rthorst/TwitterSentiment,lib/socks.py,2025-03-13T03:16:44.124826,2025-03-01T23:39:28Z
collections,rthorst/TwitterSentiment,lib/socks.py,2025-03-13T03:16:44.124826,2025-03-01T23:39:28Z
io,rthorst/TwitterSentiment,lib/socks.py,2025-03-13T03:16:44.124826,2025-03-01T23:39:28Z
os,rthorst/TwitterSentiment,lib/socks.py,2025-03-13T03:16:44.124826,2025-03-01T23:39:28Z
socket,rthorst/TwitterSentiment,lib/socks.py,2025-03-13T03:16:44.124826,2025-03-01T23:39:28Z
functools,rthorst/TwitterSentiment,lib/socks.py,2025-03-13T03:16:44.124826,2025-03-01T23:39:28Z
base64,rthorst/TwitterSentiment,lib/socks.py,2025-03-13T03:16:44.124826,2025-03-01T23:39:28Z
__future__,rthorst/TwitterSentiment,lib/six.py,2025-03-13T03:16:44.124826,2025-03-01T23:39:28Z
itertools,rthorst/TwitterSentiment,lib/six.py,2025-03-13T03:16:44.124826,2025-03-01T23:39:28Z
functools,rthorst/TwitterSentiment,lib/six.py,2025-03-13T03:16:44.124826,2025-03-01T23:39:28Z
struct,rthorst/TwitterSentiment,lib/six.py,2025-03-13T03:16:44.124826,2025-03-01T23:39:28Z
io,rthorst/TwitterSentiment,lib/six.py,2025-03-13T03:16:44.124826,2025-03-01T23:39:28Z
StringIO,rthorst/TwitterSentiment,lib/six.py,2025-03-13T03:16:44.124826,2025-03-01T23:39:28Z
operator,rthorst/TwitterSentiment,lib/six.py,2025-03-13T03:16:44.124826,2025-03-01T23:39:28Z
types,rthorst/TwitterSentiment,lib/six.py,2025-03-13T03:16:44.124826,2025-03-01T23:39:28Z
sys,rthorst/TwitterSentiment,lib/six.py,2025-03-13T03:16:44.124826,2025-03-01T23:39:28Z
abc,rthorst/TwitterSentiment,lib/backports_abc.py,2025-03-13T03:16:44.124826,2025-03-01T23:39:28Z
collections,rthorst/TwitterSentiment,lib/backports_abc.py,2025-03-13T03:16:44.124826,2025-03-01T23:39:28Z
inspect,rthorst/TwitterSentiment,lib/backports_abc.py,2025-03-13T03:16:44.124826,2025-03-01T23:39:28Z
sre_constants,rthorst/TwitterSentiment,lib/pyparsing.py,2025-03-13T03:16:44.124826,2025-03-01T23:39:28Z
pdb,rthorst/TwitterSentiment,lib/pyparsing.py,2025-03-13T03:16:44.124826,2025-03-01T23:39:28Z
types,rthorst/TwitterSentiment,lib/pyparsing.py,2025-03-13T03:16:44.124826,2025-03-01T23:39:28Z
weakref,rthorst/TwitterSentiment,lib/pyparsing.py,2025-03-13T03:16:44.124826,2025-03-01T23:39:28Z
sys,rthorst/TwitterSentiment,lib/pyparsing.py,2025-03-13T03:16:44.124826,2025-03-01T23:39:28Z
datetime,rthorst/TwitterSentiment,lib/pyparsing.py,2025-03-13T03:16:44.124826,2025-03-01T23:39:28Z
warnings,rthorst/TwitterSentiment,lib/pyparsing.py,2025-03-13T03:16:44.124826,2025-03-01T23:39:28Z
pprint,rthorst/TwitterSentiment,lib/pyparsing.py,2025-03-13T03:16:44.124826,2025-03-01T23:39:28Z
inspect,rthorst/TwitterSentiment,lib/pyparsing.py,2025-03-13T03:16:44.124826,2025-03-01T23:39:28Z
threading,rthorst/TwitterSentiment,lib/pyparsing.py,2025-03-13T03:16:44.124826,2025-03-01T23:39:28Z
copy,rthorst/TwitterSentiment,lib/pyparsing.py,2025-03-13T03:16:44.124826,2025-03-01T23:39:28Z
__builtin__,rthorst/TwitterSentiment,lib/pyparsing.py,2025-03-13T03:16:44.124826,2025-03-01T23:39:28Z
re,rthorst/TwitterSentiment,lib/pyparsing.py,2025-03-13T03:16:44.124826,2025-03-01T23:39:28Z
itertools,rthorst/TwitterSentiment,lib/pyparsing.py,2025-03-13T03:16:44.124826,2025-03-01T23:39:28Z
string,rthorst/TwitterSentiment,lib/pyparsing.py,2025-03-13T03:16:44.124826,2025-03-01T23:39:28Z
collections,rthorst/TwitterSentiment,lib/pyparsing.py,2025-03-13T03:16:44.124826,2025-03-01T23:39:28Z
ordereddict,rthorst/TwitterSentiment,lib/pyparsing.py,2025-03-13T03:16:44.124826,2025-03-01T23:39:28Z
_thread,rthorst/TwitterSentiment,lib/pyparsing.py,2025-03-13T03:16:44.124826,2025-03-01T23:39:28Z
uuid,rthorst/TwitterSentiment,lib/pyparsing.py,2025-03-13T03:16:44.124826,2025-03-01T23:39:28Z
traceback,rthorst/TwitterSentiment,lib/pyparsing.py,2025-03-13T03:16:44.124826,2025-03-01T23:39:28Z
setuptools,ctberthiaume/seaflowpy,setup.py,2025-03-13T03:16:47.506213,2020-04-10T18:33:21Z
versioneer,ctberthiaume/seaflowpy,setup.py,2025-03-13T03:16:47.506213,2020-04-10T18:33:21Z
errno,ctberthiaume/seaflowpy,versioneer.py,2025-03-13T03:16:47.506213,2020-04-10T18:33:21Z
setuptools,ctberthiaume/seaflowpy,versioneer.py,2025-03-13T03:16:47.506213,2020-04-10T18:33:21Z
__future__,ctberthiaume/seaflowpy,versioneer.py,2025-03-13T03:16:47.506213,2020-04-10T18:33:21Z
distutils,ctberthiaume/seaflowpy,versioneer.py,2025-03-13T03:16:47.506213,2020-04-10T18:33:21Z
py2exe,ctberthiaume/seaflowpy,versioneer.py,2025-03-13T03:16:47.506213,2020-04-10T18:33:21Z
json,ctberthiaume/seaflowpy,versioneer.py,2025-03-13T03:16:47.506213,2020-04-10T18:33:21Z
configparser,ctberthiaume/seaflowpy,versioneer.py,2025-03-13T03:16:47.506213,2020-04-10T18:33:21Z
os,ctberthiaume/seaflowpy,versioneer.py,2025-03-13T03:16:47.506213,2020-04-10T18:33:21Z
ConfigParser,ctberthiaume/seaflowpy,versioneer.py,2025-03-13T03:16:47.506213,2020-04-10T18:33:21Z
re,ctberthiaume/seaflowpy,versioneer.py,2025-03-13T03:16:47.506213,2020-04-10T18:33:21Z
cx_Freeze,ctberthiaume/seaflowpy,versioneer.py,2025-03-13T03:16:47.506213,2020-04-10T18:33:21Z
sys,ctberthiaume/seaflowpy,versioneer.py,2025-03-13T03:16:47.506213,2020-04-10T18:33:21Z
subprocess,ctberthiaume/seaflowpy,versioneer.py,2025-03-13T03:16:47.506213,2020-04-10T18:33:21Z
PyInstaller,ctberthiaume/seaflowpy,pyinstaller/hooks/hook-seaflowpy.py,2025-03-13T03:16:47.506213,2020-04-10T18:33:21Z
pytest,ctberthiaume/seaflowpy,tests/test_seaflowfile.py,2025-03-13T03:16:47.506213,2020-04-10T18:33:21Z
seaflowpy,ctberthiaume/seaflowpy,tests/test_seaflowfile.py,2025-03-13T03:16:47.506213,2020-04-10T18:33:21Z
pytest,ctberthiaume/seaflowpy,tests/conftest.py,2025-03-13T03:16:47.506213,2020-04-10T18:33:21Z
pytest,ctberthiaume/seaflowpy,tests/test_geo.py,2025-03-13T03:16:47.506213,2020-04-10T18:33:21Z
seaflowpy,ctberthiaume/seaflowpy,tests/test_geo.py,2025-03-13T03:16:47.506213,2020-04-10T18:33:21Z
seaflowpy,ctberthiaume/seaflowpy,tests/test_evtopp.py,2025-03-13T03:16:47.506213,2020-04-10T18:33:21Z
sqlite3,ctberthiaume/seaflowpy,tests/test_evtopp.py,2025-03-13T03:16:47.506213,2020-04-10T18:33:21Z
pytest,ctberthiaume/seaflowpy,tests/test_evtopp.py,2025-03-13T03:16:47.506213,2020-04-10T18:33:21Z
io,ctberthiaume/seaflowpy,tests/test_evtopp.py,2025-03-13T03:16:47.506213,2020-04-10T18:33:21Z
gzip,ctberthiaume/seaflowpy,tests/test_evtopp.py,2025-03-13T03:16:47.506213,2020-04-10T18:33:21Z
os,ctberthiaume/seaflowpy,tests/test_evtopp.py,2025-03-13T03:16:47.506213,2020-04-10T18:33:21Z
shutil,ctberthiaume/seaflowpy,tests/test_evtopp.py,2025-03-13T03:16:47.506213,2020-04-10T18:33:21Z
pandas,ctberthiaume/seaflowpy,tests/test_evtopp.py,2025-03-13T03:16:47.506213,2020-04-10T18:33:21Z
hashlib,ctberthiaume/seaflowpy,tests/test_evtopp.py,2025-03-13T03:16:47.506213,2020-04-10T18:33:21Z
numpy,ctberthiaume/seaflowpy,tests/test_evtopp.py,2025-03-13T03:16:47.506213,2020-04-10T18:33:21Z
builtins,ctberthiaume/seaflowpy,tests/test_evtopp.py,2025-03-13T03:16:47.506213,2020-04-10T18:33:21Z
subprocess,ctberthiaume/seaflowpy,tests/test_evtopp.py,2025-03-13T03:16:47.506213,2020-04-10T18:33:21Z
seaflowpy,ctberthiaume/seaflowpy,scripts/perftest-nopandas.py,2025-03-13T03:16:47.506213,2020-04-10T18:33:21Z
time,ctberthiaume/seaflowpy,scripts/perftest-nopandas.py,2025-03-13T03:16:47.506213,2020-04-10T18:33:21Z
os,ctberthiaume/seaflowpy,scripts/perftest-nopandas.py,2025-03-13T03:16:47.506213,2020-04-10T18:33:21Z
click,ctberthiaume/seaflowpy,scripts/perftest-nopandas.py,2025-03-13T03:16:47.506213,2020-04-10T18:33:21Z
numpy,ctberthiaume/seaflowpy,scripts/perftest-nopandas.py,2025-03-13T03:16:47.506213,2020-04-10T18:33:21Z
os,ctberthiaume/seaflowpy,scripts/oppcompare.py,2025-03-13T03:16:47.506213,2020-04-10T18:33:21Z
numpy,ctberthiaume/seaflowpy,scripts/oppcompare.py,2025-03-13T03:16:47.506213,2020-04-10T18:33:21Z
seaflowpy,ctberthiaume/seaflowpy,scripts/oppcompare.py,2025-03-13T03:16:47.506213,2020-04-10T18:33:21Z
click,ctberthiaume/seaflowpy,scripts/oppcompare.py,2025-03-13T03:16:47.506213,2020-04-10T18:33:21Z
sys,ctberthiaume/seaflowpy,scripts/fixgga.py,2025-03-13T03:16:47.506213,2020-04-10T18:33:21Z
seaflowpy,ctberthiaume/seaflowpy,scripts/fixgga.py,2025-03-13T03:16:47.506213,2020-04-10T18:33:21Z
sys,adm116/Scripts,numOccurrences.py,2025-03-13T03:16:48.403940,2019-07-22T22:04:22Z
logging,shayanshakiba/tgcf,tests/test_config.py,2025-03-13T03:16:49.143857,2022-06-11T21:41:57Z
os,shayanshakiba/tgcf,tests/test_config.py,2025-03-13T03:16:49.143857,2022-06-11T21:41:57Z
tgcf,shayanshakiba/tgcf,tests/test_config.py,2025-03-13T03:16:49.143857,2022-06-11T21:41:57Z
yaml,shayanshakiba/tgcf,tgcf/config.py,2025-03-13T03:16:49.143857,2022-06-11T21:41:57Z
tgcf,shayanshakiba/tgcf,tgcf/config.py,2025-03-13T03:16:49.143857,2022-06-11T21:41:57Z
logging,shayanshakiba/tgcf,tgcf/config.py,2025-03-13T03:16:49.143857,2022-06-11T21:41:57Z
typing,shayanshakiba/tgcf,tgcf/config.py,2025-03-13T03:16:49.143857,2022-06-11T21:41:57Z
os,shayanshakiba/tgcf,tgcf/config.py,2025-03-13T03:16:49.143857,2022-06-11T21:41:57Z
dotenv,shayanshakiba/tgcf,tgcf/config.py,2025-03-13T03:16:49.143857,2022-06-11T21:41:57Z
sys,shayanshakiba/tgcf,tgcf/config.py,2025-03-13T03:16:49.143857,2022-06-11T21:41:57Z
pydantic,shayanshakiba/tgcf,tgcf/config.py,2025-03-13T03:16:49.143857,2022-06-11T21:41:57Z
telethon,shayanshakiba/tgcf,tgcf/config.py,2025-03-13T03:16:49.143857,2022-06-11T21:41:57Z
importlib,shayanshakiba/tgcf,tgcf/__init__.py,2025-03-13T03:16:49.143857,2022-06-11T21:41:57Z
tgcf,shayanshakiba/tgcf,tgcf/cli.py,2025-03-13T03:16:49.143857,2022-06-11T21:41:57Z
logging,shayanshakiba/tgcf,tgcf/cli.py,2025-03-13T03:16:49.143857,2022-06-11T21:41:57Z
asyncio,shayanshakiba/tgcf,tgcf/cli.py,2025-03-13T03:16:49.143857,2022-06-11T21:41:57Z
typing,shayanshakiba/tgcf,tgcf/cli.py,2025-03-13T03:16:49.143857,2022-06-11T21:41:57Z
platform,shayanshakiba/tgcf,tgcf/cli.py,2025-03-13T03:16:49.143857,2022-06-11T21:41:57Z
time,shayanshakiba/tgcf,tgcf/cli.py,2025-03-13T03:16:49.143857,2022-06-11T21:41:57Z
rich,shayanshakiba/tgcf,tgcf/cli.py,2025-03-13T03:16:49.143857,2022-06-11T21:41:57Z
os,shayanshakiba/tgcf,tgcf/cli.py,2025-03-13T03:16:49.143857,2022-06-11T21:41:57Z
pyfiglet,shayanshakiba/tgcf,tgcf/cli.py,2025-03-13T03:16:49.143857,2022-06-11T21:41:57Z
enum,shayanshakiba/tgcf,tgcf/cli.py,2025-03-13T03:16:49.143857,2022-06-11T21:41:57Z
dotenv,shayanshakiba/tgcf,tgcf/cli.py,2025-03-13T03:16:49.143857,2022-06-11T21:41:57Z
sys,shayanshakiba/tgcf,tgcf/cli.py,2025-03-13T03:16:49.143857,2022-06-11T21:41:57Z
verlat,shayanshakiba/tgcf,tgcf/cli.py,2025-03-13T03:16:49.143857,2022-06-11T21:41:57Z
typer,shayanshakiba/tgcf,tgcf/cli.py,2025-03-13T03:16:49.143857,2022-06-11T21:41:57Z
tgcf,shayanshakiba/tgcf,tgcf/utils.py,2025-03-13T03:16:49.143857,2022-06-11T21:41:57Z
logging,shayanshakiba/tgcf,tgcf/utils.py,2025-03-13T03:16:49.143857,2022-06-11T21:41:57Z
typing,shayanshakiba/tgcf,tgcf/utils.py,2025-03-13T03:16:49.143857,2022-06-11T21:41:57Z
os,shayanshakiba/tgcf,tgcf/utils.py,2025-03-13T03:16:49.143857,2022-06-11T21:41:57Z
re,shayanshakiba/tgcf,tgcf/utils.py,2025-03-13T03:16:49.143857,2022-06-11T21:41:57Z
datetime,shayanshakiba/tgcf,tgcf/utils.py,2025-03-13T03:16:49.143857,2022-06-11T21:41:57Z
telethon,shayanshakiba/tgcf,tgcf/utils.py,2025-03-13T03:16:49.143857,2022-06-11T21:41:57Z
typing,shayanshakiba/tgcf,tgcf/storage.py,2025-03-13T03:16:49.143857,2022-06-11T21:41:57Z
telethon,shayanshakiba/tgcf,tgcf/storage.py,2025-03-13T03:16:49.143857,2022-06-11T21:41:57Z
logging,shayanshakiba/tgcf,tgcf/live.py,2025-03-13T03:16:49.143857,2022-06-11T21:41:57Z
typing,shayanshakiba/tgcf,tgcf/live.py,2025-03-13T03:16:49.143857,2022-06-11T21:41:57Z
tgcf,shayanshakiba/tgcf,tgcf/live.py,2025-03-13T03:16:49.143857,2022-06-11T21:41:57Z
telethon,shayanshakiba/tgcf,tgcf/live.py,2025-03-13T03:16:49.143857,2022-06-11T21:41:57Z
tgcf,shayanshakiba/tgcf,tgcf/past.py,2025-03-13T03:16:49.143857,2022-06-11T21:41:57Z
logging,shayanshakiba/tgcf,tgcf/past.py,2025-03-13T03:16:49.143857,2022-06-11T21:41:57Z
asyncio,shayanshakiba/tgcf,tgcf/past.py,2025-03-13T03:16:49.143857,2022-06-11T21:41:57Z
time,shayanshakiba/tgcf,tgcf/past.py,2025-03-13T03:16:49.143857,2022-06-11T21:41:57Z
telethon,shayanshakiba/tgcf,tgcf/past.py,2025-03-13T03:16:49.143857,2022-06-11T21:41:57Z
django,ingridaburto/tienda1,manage.py,2025-03-13T03:16:50.706245,2022-06-11T21:40:56Z
os,ingridaburto/tienda1,manage.py,2025-03-13T03:16:50.706245,2022-06-11T21:40:56Z
sys,ingridaburto/tienda1,manage.py,2025-03-13T03:16:50.706245,2022-06-11T21:40:56Z
django,ingridaburto/tienda1,tienda/asgi.py,2025-03-13T03:16:50.706245,2022-06-11T21:40:56Z
os,ingridaburto/tienda1,tienda/asgi.py,2025-03-13T03:16:50.706245,2022-06-11T21:40:56Z
pathlib,ingridaburto/tienda1,tienda/settings.py,2025-03-13T03:16:50.706245,2022-06-11T21:40:56Z
rest_framework,ingridaburto/tienda1,tienda/urls.py,2025-03-13T03:16:50.706245,2022-06-11T21:40:56Z
django,ingridaburto/tienda1,tienda/urls.py,2025-03-13T03:16:50.706245,2022-06-11T21:40:56Z
tien,ingridaburto/tienda1,tienda/urls.py,2025-03-13T03:16:50.706245,2022-06-11T21:40:56Z
django,ingridaburto/tienda1,tienda/wsgi.py,2025-03-13T03:16:50.706245,2022-06-11T21:40:56Z
os,ingridaburto/tienda1,tienda/wsgi.py,2025-03-13T03:16:50.706245,2022-06-11T21:40:56Z
django,ingridaburto/tienda1,tien/models.py,2025-03-13T03:16:50.706245,2022-06-11T21:40:56Z
rest_framework,ingridaburto/tienda1,tien/serializers.py,2025-03-13T03:16:50.706245,2022-06-11T21:40:56Z
tien,ingridaburto/tienda1,tien/serializers.py,2025-03-13T03:16:50.706245,2022-06-11T21:40:56Z
django,ingridaburto/tienda1,tien/apps.py,2025-03-13T03:16:50.706245,2022-06-11T21:40:56Z
numpy,mmiezianko/computational-intelligence-proj,algorithms/genetic.py,2025-03-13T03:16:51.487116,2022-06-12T02:06:21Z
typing,mmiezianko/computational-intelligence-proj,algorithms/genetic.py,2025-03-13T03:16:51.487116,2022-06-12T02:06:21Z
matplotlib,mmiezianko/computational-intelligence-proj,algorithms/genetic.py,2025-03-13T03:16:51.487116,2022-06-12T02:06:21Z
enum,mmiezianko/computational-intelligence-proj,algorithms/genetic.py,2025-03-13T03:16:51.487116,2022-06-12T02:06:21Z
routines,mmiezianko/computational-intelligence-proj,algorithms/genetic.py,2025-03-13T03:16:51.487116,2022-06-12T02:06:21Z
math,mmiezianko/computational-intelligence-proj,algorithms/genetic.py,2025-03-13T03:16:51.487116,2022-06-12T02:06:21Z
utils,mmiezianko/computational-intelligence-proj,algorithms/genetic.py,2025-03-13T03:16:51.487116,2022-06-12T02:06:21Z
search,mmiezianko/computational-intelligence-proj,algorithms/annealing.py,2025-03-13T03:16:51.487116,2022-06-12T02:06:21Z
sys,mmiezianko/computational-intelligence-proj,algorithms/annealing.py,2025-03-13T03:16:51.487116,2022-06-12T02:06:21Z
random,mmiezianko/computational-intelligence-proj,algorithms/annealing.py,2025-03-13T03:16:51.487116,2022-06-12T02:06:21Z
copy,mmiezianko/computational-intelligence-proj,algorithms/annealing.py,2025-03-13T03:16:51.487116,2022-06-12T02:06:21Z
pprint,mmiezianko/computational-intelligence-proj,algorithms/annealing.py,2025-03-13T03:16:51.487116,2022-06-12T02:06:21Z
matplotlib,mmiezianko/computational-intelligence-proj,algorithms/annealing.py,2025-03-13T03:16:51.487116,2022-06-12T02:06:21Z
numpy,mmiezianko/computational-intelligence-proj,algorithms/annealing.py,2025-03-13T03:16:51.487116,2022-06-12T02:06:21Z
pandas,mmiezianko/computational-intelligence-proj,algorithms/annealing.py,2025-03-13T03:16:51.487116,2022-06-12T02:06:21Z
search,mmiezianko/computational-intelligence-proj,algorithms/nn_algo.py,2025-03-13T03:16:51.487116,2022-06-12T02:06:21Z
json,mmiezianko/computational-intelligence-proj,algorithms/nn_algo.py,2025-03-13T03:16:51.487116,2022-06-12T02:06:21Z
typing,mmiezianko/computational-intelligence-proj,algorithms/neighbourhood.py,2025-03-13T03:16:51.487116,2022-06-12T02:06:21Z
random,mmiezianko/computational-intelligence-proj,algorithms/neighbourhood.py,2025-03-13T03:16:51.487116,2022-06-12T02:06:21Z
copy,mmiezianko/computational-intelligence-proj,algorithms/neighbourhood.py,2025-03-13T03:16:51.487116,2022-06-12T02:06:21Z
numpy,mmiezianko/computational-intelligence-proj,algorithms/neighbourhood.py,2025-03-13T03:16:51.487116,2022-06-12T02:06:21Z
pandas,mmiezianko/computational-intelligence-proj,algorithms/neighbourhood.py,2025-03-13T03:16:51.487116,2022-06-12T02:06:21Z
itertools,mmiezianko/computational-intelligence-proj,algorithms/grid_search_parser.py,2025-03-13T03:16:51.487116,2022-06-12T02:06:21Z
search,mmiezianko/computational-intelligence-proj,algorithms/grid_search_parser.py,2025-03-13T03:16:51.487116,2022-06-12T02:06:21Z
json,mmiezianko/computational-intelligence-proj,algorithms/grid_search_parser.py,2025-03-13T03:16:51.487116,2022-06-12T02:06:21Z
algorithms,mmiezianko/computational-intelligence-proj,algorithms/grid_search_parser.py,2025-03-13T03:16:51.487116,2022-06-12T02:06:21Z
matplotlib,mmiezianko/computational-intelligence-proj,algorithms/grid_search_parser.py,2025-03-13T03:16:51.487116,2022-06-12T02:06:21Z
climbing,mmiezianko/computational-intelligence-proj,algorithms/grid_search_parser.py,2025-03-13T03:16:51.487116,2022-06-12T02:06:21Z
numpy,mmiezianko/computational-intelligence-proj,algorithms/grid_search_parser.py,2025-03-13T03:16:51.487116,2022-06-12T02:06:21Z
pandas,mmiezianko/computational-intelligence-proj,algorithms/grid_search_parser.py,2025-03-13T03:16:51.487116,2022-06-12T02:06:21Z
numpy,mmiezianko/computational-intelligence-proj,algorithms/utils.py,2025-03-13T03:16:51.487116,2022-06-12T02:06:21Z
pandas,mmiezianko/computational-intelligence-proj,algorithms/utils.py,2025-03-13T03:16:51.487116,2022-06-12T02:06:21Z
itertools,mmiezianko/computational-intelligence-proj,algorithms/genetic_tests.py,2025-03-13T03:16:51.487116,2022-06-12T02:06:21Z
search,mmiezianko/computational-intelligence-proj,algorithms/genetic_tests.py,2025-03-13T03:16:51.487116,2022-06-12T02:06:21Z
routines,mmiezianko/computational-intelligence-proj,algorithms/genetic_tests.py,2025-03-13T03:16:51.487116,2022-06-12T02:06:21Z
json,mmiezianko/computational-intelligence-proj,algorithms/genetic_tests.py,2025-03-13T03:16:51.487116,2022-06-12T02:06:21Z
genetic,mmiezianko/computational-intelligence-proj,algorithms/genetic_tests.py,2025-03-13T03:16:51.487116,2022-06-12T02:06:21Z
algorithms,mmiezianko/computational-intelligence-proj,algorithms/genetic_tests.py,2025-03-13T03:16:51.487116,2022-06-12T02:06:21Z
matplotlib,mmiezianko/computational-intelligence-proj,algorithms/genetic_tests.py,2025-03-13T03:16:51.487116,2022-06-12T02:06:21Z
enum,mmiezianko/computational-intelligence-proj,algorithms/genetic_tests.py,2025-03-13T03:16:51.487116,2022-06-12T02:06:21Z
climbing,mmiezianko/computational-intelligence-proj,algorithms/genetic_tests.py,2025-03-13T03:16:51.487116,2022-06-12T02:06:21Z
numpy,mmiezianko/computational-intelligence-proj,algorithms/genetic_tests.py,2025-03-13T03:16:51.487116,2022-06-12T02:06:21Z
pandas,mmiezianko/computational-intelligence-proj,algorithms/genetic_tests.py,2025-03-13T03:16:51.487116,2022-06-12T02:06:21Z
itertools,mmiezianko/computational-intelligence-proj,algorithms/SA_tests.py,2025-03-13T03:16:51.487116,2022-06-12T02:06:21Z
search,mmiezianko/computational-intelligence-proj,algorithms/SA_tests.py,2025-03-13T03:16:51.487116,2022-06-12T02:06:21Z
json,mmiezianko/computational-intelligence-proj,algorithms/SA_tests.py,2025-03-13T03:16:51.487116,2022-06-12T02:06:21Z
algorithms,mmiezianko/computational-intelligence-proj,algorithms/SA_tests.py,2025-03-13T03:16:51.487116,2022-06-12T02:06:21Z
matplotlib,mmiezianko/computational-intelligence-proj,algorithms/SA_tests.py,2025-03-13T03:16:51.487116,2022-06-12T02:06:21Z
numpy,mmiezianko/computational-intelligence-proj,algorithms/SA_tests.py,2025-03-13T03:16:51.487116,2022-06-12T02:06:21Z
pandas,mmiezianko/computational-intelligence-proj,algorithms/SA_tests.py,2025-03-13T03:16:51.487116,2022-06-12T02:06:21Z
cost,mmiezianko/computational-intelligence-proj,algorithms/search.py,2025-03-13T03:16:51.487116,2022-06-12T02:06:21Z
typing,mmiezianko/computational-intelligence-proj,algorithms/search.py,2025-03-13T03:16:51.487116,2022-06-12T02:06:21Z
abc,mmiezianko/computational-intelligence-proj,algorithms/search.py,2025-03-13T03:16:51.487116,2022-06-12T02:06:21Z
neighbourhood,mmiezianko/computational-intelligence-proj,algorithms/search.py,2025-03-13T03:16:51.487116,2022-06-12T02:06:21Z
random,mmiezianko/computational-intelligence-proj,algorithms/search.py,2025-03-13T03:16:51.487116,2022-06-12T02:06:21Z
matplotlib,mmiezianko/computational-intelligence-proj,algorithms/search.py,2025-03-13T03:16:51.487116,2022-06-12T02:06:21Z
numpy,mmiezianko/computational-intelligence-proj,algorithms/search.py,2025-03-13T03:16:51.487116,2022-06-12T02:06:21Z
pandas,mmiezianko/computational-intelligence-proj,algorithms/search.py,2025-03-13T03:16:51.487116,2022-06-12T02:06:21Z
my_package,santiagosimonsantos/UVa,PAR-1/start.py,2025-03-13T03:16:52.120206,2023-06-18T17:54:15Z
my_package,santiagosimonsantos/UVa,PAR-1/my_package/main.py,2025-03-13T03:16:52.120206,2023-06-18T17:54:15Z
my_package,santiagosimonsantos/UVa,PAR-2/start.py,2025-03-13T03:16:52.120206,2023-06-18T17:54:15Z
my_package,santiagosimonsantos/UVa,PAR-2/my_package/Practica1.py,2025-03-13T03:16:52.120206,2023-06-18T17:54:15Z
random,santiagosimonsantos/UVa,PAR-2/my_package/main.py,2025-03-13T03:16:52.120206,2023-06-18T17:54:15Z
my_package,santiagosimonsantos/UVa,PAR-2/my_package/main.py,2025-03-13T03:16:52.120206,2023-06-18T17:54:15Z
wx,santiagosimonsantos/UVa,PAR-2/my_package/main.py,2025-03-13T03:16:52.120206,2023-06-18T17:54:15Z
__future__,Darkhunter9/EBSD_CNN_Public,train.py,2025-03-13T03:16:52.889308,2022-06-12T00:19:07Z
numpy,Darkhunter9/EBSD_CNN_Public,train.py,2025-03-13T03:16:52.889308,2022-06-12T00:19:07Z
tensorflow,Darkhunter9/EBSD_CNN_Public,train.py,2025-03-13T03:16:52.889308,2022-06-12T00:19:07Z
keras,Darkhunter9/EBSD_CNN_Public,train.py,2025-03-13T03:16:52.889308,2022-06-12T00:19:07Z
keras_applications,Darkhunter9/EBSD_CNN_Public,train.py,2025-03-13T03:16:52.889308,2022-06-12T00:19:07Z
h5py,Darkhunter9/EBSD_CNN_Public,train.py,2025-03-13T03:16:52.889308,2022-06-12T00:19:07Z
sys,Darkhunter9/EBSD_CNN_Public,train.py,2025-03-13T03:16:52.889308,2022-06-12T00:19:07Z
time,Darkhunter9/EBSD_CNN_Public,train.py,2025-03-13T03:16:52.889308,2022-06-12T00:19:07Z
os,Darkhunter9/EBSD_CNN_Public,train.py,2025-03-13T03:16:52.889308,2022-06-12T00:19:07Z
warnings,Darkhunter9/EBSD_CNN_Public,train.py,2025-03-13T03:16:52.889308,2022-06-12T00:19:07Z
utils,Darkhunter9/EBSD_CNN_Public,train.py,2025-03-13T03:16:52.889308,2022-06-12T00:19:07Z
numpy,Darkhunter9/EBSD_CNN_Public,utils/callback.py,2025-03-13T03:16:52.889308,2022-06-12T00:19:07Z
tensorflow,Darkhunter9/EBSD_CNN_Public,utils/callback.py,2025-03-13T03:16:52.889308,2022-06-12T00:19:07Z
keras,Darkhunter9/EBSD_CNN_Public,utils/callback.py,2025-03-13T03:16:52.889308,2022-06-12T00:19:07Z
collections,Darkhunter9/EBSD_CNN_Public,utils/callback.py,2025-03-13T03:16:52.889308,2022-06-12T00:19:07Z
io,Darkhunter9/EBSD_CNN_Public,utils/callback.py,2025-03-13T03:16:52.889308,2022-06-12T00:19:07Z
disorientation,Darkhunter9/EBSD_CNN_Public,utils/callback.py,2025-03-13T03:16:52.889308,2022-06-12T00:19:07Z
os,Darkhunter9/EBSD_CNN_Public,utils/callback.py,2025-03-13T03:16:52.889308,2022-06-12T00:19:07Z
csv,Darkhunter9/EBSD_CNN_Public,utils/callback.py,2025-03-13T03:16:52.889308,2022-06-12T00:19:07Z
warnings,Darkhunter9/EBSD_CNN_Public,utils/callback.py,2025-03-13T03:16:52.889308,2022-06-12T00:19:07Z
six,Darkhunter9/EBSD_CNN_Public,utils/callback.py,2025-03-13T03:16:52.889308,2022-06-12T00:19:07Z
math,Darkhunter9/EBSD_CNN_Public,utils/callback.py,2025-03-13T03:16:52.889308,2022-06-12T00:19:07Z
itertools,Darkhunter9/EBSD_CNN_Public,utils/EMsampleRFZ_supplement.py,2025-03-13T03:16:52.889308,2022-06-12T00:19:07Z
copy,Darkhunter9/EBSD_CNN_Public,utils/EMsampleRFZ_supplement.py,2025-03-13T03:16:52.889308,2022-06-12T00:19:07Z
mpl_toolkits,Darkhunter9/EBSD_CNN_Public,utils/EMsampleRFZ_supplement.py,2025-03-13T03:16:52.889308,2022-06-12T00:19:07Z
matplotlib,Darkhunter9/EBSD_CNN_Public,utils/EMsampleRFZ_supplement.py,2025-03-13T03:16:52.889308,2022-06-12T00:19:07Z
rotations,Darkhunter9/EBSD_CNN_Public,utils/EMsampleRFZ_supplement.py,2025-03-13T03:16:52.889308,2022-06-12T00:19:07Z
numpy,Darkhunter9/EBSD_CNN_Public,utils/EMsampleRFZ_supplement.py,2025-03-13T03:16:52.889308,2022-06-12T00:19:07Z
math,Darkhunter9/EBSD_CNN_Public,utils/EMsampleRFZ_supplement.py,2025-03-13T03:16:52.889308,2022-06-12T00:19:07Z
scipy,Darkhunter9/EBSD_CNN_Public,utils/imgprocess.py,2025-03-13T03:16:52.889308,2022-06-12T00:19:07Z
cv2,Darkhunter9/EBSD_CNN_Public,utils/imgprocess.py,2025-03-13T03:16:52.889308,2022-06-12T00:19:07Z
PIL,Darkhunter9/EBSD_CNN_Public,utils/imgprocess.py,2025-03-13T03:16:52.889308,2022-06-12T00:19:07Z
copy,Darkhunter9/EBSD_CNN_Public,utils/imgprocess.py,2025-03-13T03:16:52.889308,2022-06-12T00:19:07Z
matplotlib,Darkhunter9/EBSD_CNN_Public,utils/imgprocess.py,2025-03-13T03:16:52.889308,2022-06-12T00:19:07Z
numpy,Darkhunter9/EBSD_CNN_Public,utils/imgprocess.py,2025-03-13T03:16:52.889308,2022-06-12T00:19:07Z
math,Darkhunter9/EBSD_CNN_Public,utils/imgprocess.py,2025-03-13T03:16:52.889308,2022-06-12T00:19:07Z
numpy,Darkhunter9/EBSD_CNN_Public,utils/eu_txt_reader.py,2025-03-13T03:16:52.889308,2022-06-12T00:19:07Z
h5py,Darkhunter9/EBSD_CNN_Public,utils/eu_txt_reader.py,2025-03-13T03:16:52.889308,2022-06-12T00:19:07Z
os,Darkhunter9/EBSD_CNN_Public,utils/eu_txt_reader.py,2025-03-13T03:16:52.889308,2022-06-12T00:19:07Z
re,Darkhunter9/EBSD_CNN_Public,utils/eu_txt_reader.py,2025-03-13T03:16:52.889308,2022-06-12T00:19:07Z
sys,Darkhunter9/EBSD_CNN_Public,utils/eu_txt_reader.py,2025-03-13T03:16:52.889308,2022-06-12T00:19:07Z
math,Darkhunter9/EBSD_CNN_Public,utils/eu_txt_reader.py,2025-03-13T03:16:52.889308,2022-06-12T00:19:07Z
utils,Darkhunter9/EBSD_CNN_Public,utils/eu_txt_reader.py,2025-03-13T03:16:52.889308,2022-06-12T00:19:07Z
cv2,Darkhunter9/EBSD_CNN_Public,utils/data_generator_augment.py,2025-03-13T03:16:52.889308,2022-06-12T00:19:07Z
keras,Darkhunter9/EBSD_CNN_Public,utils/data_generator_augment.py,2025-03-13T03:16:52.889308,2022-06-12T00:19:07Z
h5py,Darkhunter9/EBSD_CNN_Public,utils/data_generator_augment.py,2025-03-13T03:16:52.889308,2022-06-12T00:19:07Z
sklearn,Darkhunter9/EBSD_CNN_Public,utils/data_generator_augment.py,2025-03-13T03:16:52.889308,2022-06-12T00:19:07Z
imgprocess,Darkhunter9/EBSD_CNN_Public,utils/data_generator_augment.py,2025-03-13T03:16:52.889308,2022-06-12T00:19:07Z
eu2qu,Darkhunter9/EBSD_CNN_Public,utils/data_generator_augment.py,2025-03-13T03:16:52.889308,2022-06-12T00:19:07Z
numpy,Darkhunter9/EBSD_CNN_Public,utils/data_generator_augment.py,2025-03-13T03:16:52.889308,2022-06-12T00:19:07Z
tensorflow,Darkhunter9/EBSD_CNN_Public,utils/loss.py,2025-03-13T03:16:52.889308,2022-06-12T00:19:07Z
keras,Darkhunter9/EBSD_CNN_Public,utils/loss.py,2025-03-13T03:16:52.889308,2022-06-12T00:19:07Z
time,Darkhunter9/EBSD_CNN_Public,utils/loss.py,2025-03-13T03:16:52.889308,2022-06-12T00:19:07Z
numpy,Darkhunter9/EBSD_CNN_Public,utils/loss.py,2025-03-13T03:16:52.889308,2022-06-12T00:19:07Z
math,Darkhunter9/EBSD_CNN_Public,utils/loss.py,2025-03-13T03:16:52.889308,2022-06-12T00:19:07Z
utils,Darkhunter9/EBSD_CNN_Public,utils/loss.py,2025-03-13T03:16:52.889308,2022-06-12T00:19:07Z
keras,Darkhunter9/EBSD_CNN_Public,utils/modelsize.py,2025-03-13T03:16:52.889308,2022-06-12T00:19:07Z
h5py,Darkhunter9/EBSD_CNN_Public,utils/modelsize.py,2025-03-13T03:16:52.889308,2022-06-12T00:19:07Z
sys,Darkhunter9/EBSD_CNN_Public,utils/modelsize.py,2025-03-13T03:16:52.889308,2022-06-12T00:19:07Z
os,Darkhunter9/EBSD_CNN_Public,utils/modelsize.py,2025-03-13T03:16:52.889308,2022-06-12T00:19:07Z
numpy,Darkhunter9/EBSD_CNN_Public,utils/modelsize.py,2025-03-13T03:16:52.889308,2022-06-12T00:19:07Z
utils,Darkhunter9/EBSD_CNN_Public,utils/modelsize.py,2025-03-13T03:16:52.889308,2022-06-12T00:19:07Z
numpy,Darkhunter9/EBSD_CNN_Public,utils/qu2eu.py,2025-03-13T03:16:52.889308,2022-06-12T00:19:07Z
math,Darkhunter9/EBSD_CNN_Public,utils/qu2eu.py,2025-03-13T03:16:52.889308,2022-06-12T00:19:07Z
django,iremharnak/community_characters,manage.py,2025-03-13T03:16:53.550341,2022-06-11T21:44:43Z
os,iremharnak/community_characters,manage.py,2025-03-13T03:16:53.550341,2022-06-11T21:44:43Z
sys,iremharnak/community_characters,manage.py,2025-03-13T03:16:53.550341,2022-06-11T21:44:43Z
django,iremharnak/community_characters,communityCharacters/asgi.py,2025-03-13T03:16:53.550341,2022-06-11T21:44:43Z
os,iremharnak/community_characters,communityCharacters/asgi.py,2025-03-13T03:16:53.550341,2022-06-11T21:44:43Z
pathlib,iremharnak/community_characters,communityCharacters/settings.py,2025-03-13T03:16:53.550341,2022-06-11T21:44:43Z
django,iremharnak/community_characters,communityCharacters/urls.py,2025-03-13T03:16:53.550341,2022-06-11T21:44:43Z
django,iremharnak/community_characters,communityCharacters/wsgi.py,2025-03-13T03:16:53.550341,2022-06-11T21:44:43Z
os,iremharnak/community_characters,communityCharacters/wsgi.py,2025-03-13T03:16:53.550341,2022-06-11T21:44:43Z
django,iremharnak/community_characters,main_app/models.py,2025-03-13T03:16:53.550341,2022-06-11T21:44:43Z
django,iremharnak/community_characters,main_app/apps.py,2025-03-13T03:16:53.550341,2022-06-11T21:44:43Z
django,iremharnak/community_characters,main_app/admin.py,2025-03-13T03:16:53.550341,2022-06-11T21:44:43Z
models,iremharnak/community_characters,main_app/admin.py,2025-03-13T03:16:53.550341,2022-06-11T21:44:43Z
random,Anderton25/Gerador-de-Senha,Gerador de senha.py,2025-03-13T03:16:54.233390,2022-06-11T21:41:41Z
setuptools,Mitchellpkt/matrixprofile,setup.py,2025-03-13T03:16:54.877142,2022-06-11T22:03:21Z
version,Mitchellpkt/matrixprofile,setup.py,2025-03-13T03:16:54.877142,2022-06-11T22:03:21Z
glob,Mitchellpkt/matrixprofile,setup.py,2025-03-13T03:16:54.877142,2022-06-11T22:03:21Z
distutils,Mitchellpkt/matrixprofile,setup.py,2025-03-13T03:16:54.877142,2022-06-11T22:03:21Z
sys,Mitchellpkt/matrixprofile,setup.py,2025-03-13T03:16:54.877142,2022-06-11T22:03:21Z
os,Mitchellpkt/matrixprofile,setup.py,2025-03-13T03:16:54.877142,2022-06-11T22:03:21Z
numpy,Mitchellpkt/matrixprofile,setup.py,2025-03-13T03:16:54.877142,2022-06-11T22:03:21Z
Cython,Mitchellpkt/matrixprofile,setup.py,2025-03-13T03:16:54.877142,2022-06-11T22:03:21Z
matrixprofile,Mitchellpkt/matrixprofile,matrixprofile/preprocess.py,2025-03-13T03:16:54.877142,2022-06-11T22:03:21Z
__future__,Mitchellpkt/matrixprofile,matrixprofile/preprocess.py,2025-03-13T03:16:54.877142,2022-06-11T22:03:21Z
numpy,Mitchellpkt/matrixprofile,matrixprofile/preprocess.py,2025-03-13T03:16:54.877142,2022-06-11T22:03:21Z
matrixprofile,Mitchellpkt/matrixprofile,matrixprofile/discover.py,2025-03-13T03:16:54.877142,2022-06-11T22:03:21Z
matrixprofile,Mitchellpkt/matrixprofile,matrixprofile/__init__.py,2025-03-13T03:16:54.877142,2022-06-11T22:03:21Z
sys,Mitchellpkt/matrixprofile,matrixprofile/__init__.py,2025-03-13T03:16:54.877142,2022-06-11T22:03:21Z
__future__,Mitchellpkt/matrixprofile,matrixprofile/core.py,2025-03-13T03:16:54.877142,2022-06-11T22:03:21Z
numpy,Mitchellpkt/matrixprofile,matrixprofile/core.py,2025-03-13T03:16:54.877142,2022-06-11T22:03:21Z
logging,Mitchellpkt/matrixprofile,matrixprofile/core.py,2025-03-13T03:16:54.877142,2022-06-11T22:03:21Z
matrixprofile,Mitchellpkt/matrixprofile,matrixprofile/core.py,2025-03-13T03:16:54.877142,2022-06-11T22:03:21Z
multiprocessing,Mitchellpkt/matrixprofile,matrixprofile/core.py,2025-03-13T03:16:54.877142,2022-06-11T22:03:21Z
sys,Mitchellpkt/matrixprofile,matrixprofile/core.py,2025-03-13T03:16:54.877142,2022-06-11T22:03:21Z
math,Mitchellpkt/matrixprofile,matrixprofile/core.py,2025-03-13T03:16:54.877142,2022-06-11T22:03:21Z
contextlib,Mitchellpkt/matrixprofile,matrixprofile/core.py,2025-03-13T03:16:54.877142,2022-06-11T22:03:21Z
__future__,Mitchellpkt/matrixprofile,matrixprofile/visualize.py,2025-03-13T03:16:54.877142,2022-06-11T22:03:21Z
matrixprofile,Mitchellpkt/matrixprofile,matrixprofile/visualize.py,2025-03-13T03:16:54.877142,2022-06-11T22:03:21Z
collections,Mitchellpkt/matrixprofile,matrixprofile/visualize.py,2025-03-13T03:16:54.877142,2022-06-11T22:03:21Z
matplotlib,Mitchellpkt/matrixprofile,matrixprofile/visualize.py,2025-03-13T03:16:54.877142,2022-06-11T22:03:21Z
numpy,Mitchellpkt/matrixprofile,matrixprofile/visualize.py,2025-03-13T03:16:54.877142,2022-06-11T22:03:21Z
matrixprofile,Mitchellpkt/matrixprofile,matrixprofile/utils.py,2025-03-13T03:16:54.877142,2022-06-11T22:03:21Z
__future__,Mitchellpkt/matrixprofile,matrixprofile/utils.py,2025-03-13T03:16:54.877142,2022-06-11T22:03:21Z
numpy,Mitchellpkt/matrixprofile,matrixprofile/utils.py,2025-03-13T03:16:54.877142,2022-06-11T22:03:21Z
matrixprofile,Mitchellpkt/matrixprofile,matrixprofile/transform.py,2025-03-13T03:16:54.877142,2022-06-11T22:03:21Z
__future__,Mitchellpkt/matrixprofile,matrixprofile/transform.py,2025-03-13T03:16:54.877142,2022-06-11T22:03:21Z
numpy,Mitchellpkt/matrixprofile,matrixprofile/transform.py,2025-03-13T03:16:54.877142,2022-06-11T22:03:21Z
pygame,FLAMINGxFURY/idtest,pygametest.py,2025-03-13T03:16:55.853971,2022-06-11T21:42:43Z
sys,FLAMINGxFURY/idtest,pygametest.py,2025-03-13T03:16:55.853971,2022-06-11T21:42:43Z
optparse,rkania3/rahul-web-app,app/run.py,2025-03-13T03:16:56.456441,2022-06-12T06:30:37Z
flask,rkania3/rahul-web-app,app/app.py,2025-03-13T03:16:56.456441,2022-06-12T06:30:37Z
run,rkania3/rahul-web-app,app/app.py,2025-03-13T03:16:56.456441,2022-06-12T06:30:37Z
math,emltoja/wstep_do_informatyki_i_programowania,LISTA 7/zad1.py,2025-03-13T03:16:57.039225,2022-10-24T12:37:38Z
pygame,emltoja/wstep_do_informatyki_i_programowania,LISTA 7/zad4.py,2025-03-13T03:16:57.039225,2022-10-24T12:37:38Z
sys,emltoja/wstep_do_informatyki_i_programowania,LISTA 7/zad4.py,2025-03-13T03:16:57.039225,2022-10-24T12:37:38Z
math,emltoja/wstep_do_informatyki_i_programowania,LISTA 7/zad4.py,2025-03-13T03:16:57.039225,2022-10-24T12:37:38Z
zad1,emltoja/wstep_do_informatyki_i_programowania,LISTA 7/zad3.py,2025-03-13T03:16:57.039225,2022-10-24T12:37:38Z
random,emltoja/wstep_do_informatyki_i_programowania,LISTA 7/zad3.py,2025-03-13T03:16:57.039225,2022-10-24T12:37:38Z
zad1,emltoja/wstep_do_informatyki_i_programowania,LISTA 7/zad2.py,2025-03-13T03:16:57.039225,2022-10-24T12:37:38Z
random,emltoja/wstep_do_informatyki_i_programowania,LISTA 6/zad5v1.py,2025-03-13T03:16:57.039225,2022-10-24T12:37:38Z
math,emltoja/wstep_do_informatyki_i_programowania,LISTA 6/zad5v1.py,2025-03-13T03:16:57.039225,2022-10-24T12:37:38Z
matplotlib,emltoja/wstep_do_informatyki_i_programowania,LISTA 6/zad5v1.py,2025-03-13T03:16:57.039225,2022-10-24T12:37:38Z
mojefunkcje,emltoja/wstep_do_informatyki_i_programowania,LISTA 6/zad5v1.py,2025-03-13T03:16:57.039225,2022-10-24T12:37:38Z
random,emltoja/wstep_do_informatyki_i_programowania,LISTA 6/zad5.py,2025-03-13T03:16:57.039225,2022-10-24T12:37:38Z
math,emltoja/wstep_do_informatyki_i_programowania,LISTA 6/zad5.py,2025-03-13T03:16:57.039225,2022-10-24T12:37:38Z
matplotlib,emltoja/wstep_do_informatyki_i_programowania,LISTA 6/zad5.py,2025-03-13T03:16:57.039225,2022-10-24T12:37:38Z
mojefunkcje,emltoja/wstep_do_informatyki_i_programowania,LISTA 6/zad5.py,2025-03-13T03:16:57.039225,2022-10-24T12:37:38Z
math,emltoja/wstep_do_informatyki_i_programowania,LISTA 6/zad2.py,2025-03-13T03:16:57.039225,2022-10-24T12:37:38Z
django,TrellixVulnTeam/tecweb_ac04_9BBK,tecweb-ac4-v3/ac4django/manage.py,2025-03-13T03:16:57.652123,2022-10-24T12:34:28Z
os,TrellixVulnTeam/tecweb_ac04_9BBK,tecweb-ac4-v3/ac4django/manage.py,2025-03-13T03:16:57.652123,2022-10-24T12:34:28Z
sys,TrellixVulnTeam/tecweb_ac04_9BBK,tecweb-ac4-v3/ac4django/manage.py,2025-03-13T03:16:57.652123,2022-10-24T12:34:28Z
django,TrellixVulnTeam/tecweb_ac04_9BBK,tecweb-ac4-v3/ac4django/core/models.py,2025-03-13T03:16:57.652123,2022-10-24T12:34:28Z
django,TrellixVulnTeam/tecweb_ac04_9BBK,tecweb-ac4-v3/ac4django/core/apps.py,2025-03-13T03:16:57.652123,2022-10-24T12:34:28Z
django,TrellixVulnTeam/tecweb_ac04_9BBK,tecweb-ac4-v3/ac4django/core/admin.py,2025-03-13T03:16:57.652123,2022-10-24T12:34:28Z
django,TrellixVulnTeam/tecweb_ac04_9BBK,tecweb-ac4-v3/ac4django/core/tests.py,2025-03-13T03:16:57.652123,2022-10-24T12:34:28Z
django,TrellixVulnTeam/tecweb_ac04_9BBK,tecweb-ac4-v3/ac4django/core/views.py,2025-03-13T03:16:57.652123,2022-10-24T12:34:28Z
os,TrellixVulnTeam/tecweb_ac04_9BBK,tecweb-ac4-v3/ac4django/ac4django/settings.py,2025-03-13T03:16:57.652123,2022-10-24T12:34:28Z
re,chenke91/mysql-compare,compare.py,2025-03-13T03:16:58.966862,2023-03-02T12:13:22Z
pymysql,chenke91/mysql-compare,compare.py,2025-03-13T03:16:58.966862,2023-03-02T12:13:22Z
argparse,chenke91/mysql-compare,compare.py,2025-03-13T03:16:58.966862,2023-03-02T12:13:22Z
viking_clases,sahernandezr/lab-data-vikings,4-testsWar.py,2025-03-13T03:16:59.607192,2022-11-01T15:09:37Z
inspect,sahernandezr/lab-data-vikings,4-testsWar.py,2025-03-13T03:16:59.607192,2022-11-01T15:09:37Z
unittest,sahernandezr/lab-data-vikings,4-testsWar.py,2025-03-13T03:16:59.607192,2022-11-01T15:09:37Z
viking_clases,sahernandezr/lab-data-vikings,2-testsVikings.py,2025-03-13T03:16:59.607192,2022-11-01T15:09:37Z
inspect,sahernandezr/lab-data-vikings,2-testsVikings.py,2025-03-13T03:16:59.607192,2022-11-01T15:09:37Z
unittest,sahernandezr/lab-data-vikings,2-testsVikings.py,2025-03-13T03:16:59.607192,2022-11-01T15:09:37Z
viking_clases,sahernandezr/lab-data-vikings,1-testsSoldier.py,2025-03-13T03:16:59.607192,2022-11-01T15:09:37Z
inspect,sahernandezr/lab-data-vikings,1-testsSoldier.py,2025-03-13T03:16:59.607192,2022-11-01T15:09:37Z
unittest,sahernandezr/lab-data-vikings,1-testsSoldier.py,2025-03-13T03:16:59.607192,2022-11-01T15:09:37Z
viking_clases,sahernandezr/lab-data-vikings,3-testsSaxons.py,2025-03-13T03:16:59.607192,2022-11-01T15:09:37Z
inspect,sahernandezr/lab-data-vikings,3-testsSaxons.py,2025-03-13T03:16:59.607192,2022-11-01T15:09:37Z
unittest,sahernandezr/lab-data-vikings,3-testsSaxons.py,2025-03-13T03:16:59.607192,2022-11-01T15:09:37Z
re,husniddin123/list_indexing_homework,List01.py,2025-03-13T03:17:00.225844,2022-10-24T12:51:06Z
webdriver_manager,artunandac/Little-Edd-Assistant,beelzebub.py,2025-03-13T03:17:00.853124,2021-09-12T16:42:12Z
feedparser,artunandac/Little-Edd-Assistant,beelzebub.py,2025-03-13T03:17:00.853124,2021-09-12T16:42:12Z
time,artunandac/Little-Edd-Assistant,beelzebub.py,2025-03-13T03:17:00.853124,2021-09-12T16:42:12Z
pyautogui,artunandac/Little-Edd-Assistant,beelzebub.py,2025-03-13T03:17:00.853124,2021-09-12T16:42:12Z
random,artunandac/Little-Edd-Assistant,beelzebub.py,2025-03-13T03:17:00.853124,2021-09-12T16:42:12Z
os,artunandac/Little-Edd-Assistant,beelzebub.py,2025-03-13T03:17:00.853124,2021-09-12T16:42:12Z
selenium,artunandac/Little-Edd-Assistant,beelzebub.py,2025-03-13T03:17:00.853124,2021-09-12T16:42:12Z
requests,artunandac/Little-Edd-Assistant,beelzebub.py,2025-03-13T03:17:00.853124,2021-09-12T16:42:12Z
urllib,artunandac/Little-Edd-Assistant,beelzebub.py,2025-03-13T03:17:00.853124,2021-09-12T16:42:12Z
webcolors,wakunezu/eyecatch_generator,main.py,2025-03-13T03:17:01.390131,2021-09-14T14:11:16Z
PIL,wakunezu/eyecatch_generator,main.py,2025-03-13T03:17:01.390131,2021-09-14T14:11:16Z
config,wakunezu/eyecatch_generator,main.py,2025-03-13T03:17:01.390131,2021-09-14T14:11:16Z
loader,mrprimle/EmoProject,test_1.py,2025-03-13T03:17:03.094175,2021-09-12T07:15:04Z
ffmpeg,mrprimle/EmoProject,test.py,2025-03-13T03:17:03.094175,2021-09-12T07:15:04Z
os,mrprimle/EmoProject,test.py,2025-03-13T03:17:03.094175,2021-09-12T07:15:04Z
ffmpeg,mrprimle/EmoProject,loader.py,2025-03-13T03:17:03.094175,2021-09-12T07:15:04Z
os,mrprimle/EmoProject,loader.py,2025-03-13T03:17:03.094175,2021-09-12T07:15:04Z
ffmpeg,mrprimle/EmoProject,Loader/loader.py,2025-03-13T03:17:03.094175,2021-09-12T07:15:04Z
os,mrprimle/EmoProject,Loader/loader.py,2025-03-13T03:17:03.094175,2021-09-12T07:15:04Z
setuptools,leeshinyook/RectangleCropper,setup.py,2025-03-13T03:17:08.297218,2024-08-13T13:20:02Z
warnings,leeshinyook/RectangleCropper,rectanglecropper/crop.py,2025-03-13T03:17:08.297218,2024-08-13T13:20:02Z
numpy,leeshinyook/RectangleCropper,rectanglecropper/crop.py,2025-03-13T03:17:08.297218,2024-08-13T13:20:02Z
PIL,leeshinyook/RectangleCropper,rectanglecropper/crop.py,2025-03-13T03:17:08.297218,2024-08-13T13:20:02Z
collections,leeshinyook/RectangleCropper,rectanglecropper/crop.py,2025-03-13T03:17:08.297218,2024-08-13T13:20:02Z
itertools,Aditya-Bhargav-dev/Ds-Algo,Interview bit/Strings/Vowel and Consonant Substrings.py,2025-03-13T03:17:09.531651,2021-09-11T13:02:10Z
collections,Aditya-Bhargav-dev/Ds-Algo,Interview bit/Binary Search/Simple Queries.py,2025-03-13T03:17:09.531651,2021-09-11T13:02:10Z
math,Aditya-Bhargav-dev/Ds-Algo,Interview bit/Binary Search/Simple Queries.py,2025-03-13T03:17:09.531651,2021-09-11T13:02:10Z
bisect,Aditya-Bhargav-dev/Ds-Algo,Interview bit/Binary Search/Simple Queries.py,2025-03-13T03:17:09.531651,2021-09-11T13:02:10Z
time,tarekrahman3/Instagram_Hashtag_Analysis,Insta Hashtag Survey.py,2025-03-13T03:17:10.145562,2022-01-03T10:22:00Z
random,tarekrahman3/Instagram_Hashtag_Analysis,Insta Hashtag Survey.py,2025-03-13T03:17:10.145562,2022-01-03T10:22:00Z
selenium,tarekrahman3/Instagram_Hashtag_Analysis,Insta Hashtag Survey.py,2025-03-13T03:17:10.145562,2022-01-03T10:22:00Z
undetected_chromedriver,tarekrahman3/Instagram_Hashtag_Analysis,Insta Hashtag Survey.py,2025-03-13T03:17:10.145562,2022-01-03T10:22:00Z
pandas,tarekrahman3/Instagram_Hashtag_Analysis,Insta Hashtag Survey.py,2025-03-13T03:17:10.145562,2022-01-03T10:22:00Z
selenium,tarekrahman3/Instagram_Hashtag_Analysis,without_signin(incomplete).py,2025-03-13T03:17:10.145562,2022-01-03T10:22:00Z
time,tarekrahman3/Instagram_Hashtag_Analysis,without_signin(incomplete).py,2025-03-13T03:17:10.145562,2022-01-03T10:22:00Z
undetected_chromedriver,tarekrahman3/Instagram_Hashtag_Analysis,without_signin(incomplete).py,2025-03-13T03:17:10.145562,2022-01-03T10:22:00Z
pandas,tarekrahman3/Instagram_Hashtag_Analysis,without_signin(incomplete).py,2025-03-13T03:17:10.145562,2022-01-03T10:22:00Z
random,PPatrickGU/Python-project-FlappyMM,FlappyMM2.py,2025-03-13T03:17:10.827507,2021-11-26T09:35:06Z
pygame,PPatrickGU/Python-project-FlappyMM,FlappyMM2.py,2025-03-13T03:17:10.827507,2021-11-26T09:35:06Z
sys,PPatrickGU/Python-project-FlappyMM,FlappyMM2.py,2025-03-13T03:17:10.827507,2021-11-26T09:35:06Z
django,NMO732/Projects,manage.py,2025-03-13T03:17:12.571903,2019-12-22T11:25:53Z
os,NMO732/Projects,manage.py,2025-03-13T03:17:12.571903,2019-12-22T11:25:53Z
sys,NMO732/Projects,manage.py,2025-03-13T03:17:12.571903,2019-12-22T11:25:53Z
os,NMO732/Projects,movieproject/settings.py,2025-03-13T03:17:12.571903,2019-12-22T11:25:53Z
django,NMO732/Projects,movieproject/urls.py,2025-03-13T03:17:12.571903,2019-12-22T11:25:53Z
testapp,NMO732/Projects,movieproject/urls.py,2025-03-13T03:17:12.571903,2019-12-22T11:25:53Z
django,NMO732/Projects,movieproject/wsgi.py,2025-03-13T03:17:12.571903,2019-12-22T11:25:53Z
os,NMO732/Projects,movieproject/wsgi.py,2025-03-13T03:17:12.571903,2019-12-22T11:25:53Z
django,NMO732/Projects,testapp/models.py,2025-03-13T03:17:12.571903,2019-12-22T11:25:53Z
django,NMO732/Projects,testapp/apps.py,2025-03-13T03:17:12.571903,2019-12-22T11:25:53Z
django,NMO732/Projects,testapp/forms.py,2025-03-13T03:17:12.571903,2019-12-22T11:25:53Z
testapp,NMO732/Projects,testapp/forms.py,2025-03-13T03:17:12.571903,2019-12-22T11:25:53Z
django,NMO732/Projects,testapp/admin.py,2025-03-13T03:17:12.571903,2019-12-22T11:25:53Z
testapp,NMO732/Projects,testapp/admin.py,2025-03-13T03:17:12.571903,2019-12-22T11:25:53Z
__future__,timolesterhuis/python-plantuml,plantuml.py,2025-03-13T03:17:13.161427,2019-12-22T11:28:30Z
string,timolesterhuis/python-plantuml,plantuml.py,2025-03-13T03:17:13.161427,2019-12-22T11:28:30Z
socks,timolesterhuis/python-plantuml,plantuml.py,2025-03-13T03:17:13.161427,2019-12-22T11:28:30Z
io,timolesterhuis/python-plantuml,plantuml.py,2025-03-13T03:17:13.161427,2019-12-22T11:28:30Z
os,timolesterhuis/python-plantuml,plantuml.py,2025-03-13T03:17:13.161427,2019-12-22T11:28:30Z
zlib,timolesterhuis/python-plantuml,plantuml.py,2025-03-13T03:17:13.161427,2019-12-22T11:28:30Z
httplib2,timolesterhuis/python-plantuml,plantuml.py,2025-03-13T03:17:13.161427,2019-12-22T11:28:30Z
argparse,timolesterhuis/python-plantuml,plantuml.py,2025-03-13T03:17:13.161427,2019-12-22T11:28:30Z
urlparse,timolesterhuis/python-plantuml,plantuml.py,2025-03-13T03:17:13.161427,2019-12-22T11:28:30Z
six,timolesterhuis/python-plantuml,plantuml.py,2025-03-13T03:17:13.161427,2019-12-22T11:28:30Z
base64,timolesterhuis/python-plantuml,plantuml.py,2025-03-13T03:17:13.161427,2019-12-22T11:28:30Z
setuptools,timolesterhuis/python-plantuml,setup.py,2025-03-13T03:17:13.161427,2019-12-22T11:28:30Z
plantuml,timolesterhuis/python-plantuml,setup.py,2025-03-13T03:17:13.161427,2019-12-22T11:28:30Z
os,timolesterhuis/python-plantuml,docs/conf.py,2025-03-13T03:17:13.161427,2019-12-22T11:28:30Z
sys,timolesterhuis/python-plantuml,docs/conf.py,2025-03-13T03:17:13.161427,2019-12-22T11:28:30Z
plantuml,timolesterhuis/python-plantuml,docs/conf.py,2025-03-13T03:17:13.161427,2019-12-22T11:28:30Z
sqlite3,findryDev/SQLitePython,sqlProject.py,2025-03-13T03:17:13.971513,2020-10-28T19:10:18Z
dotenv,findryDev/SQLitePython,sqlProject.py,2025-03-13T03:17:13.971513,2020-10-28T19:10:18Z
os,findryDev/SQLitePython,sqlProject.py,2025-03-13T03:17:13.971513,2020-10-28T19:10:18Z
django,R4V88/Simple-filmweb-app-in-Python,manage.py,2025-03-13T03:17:14.644156,2020-10-28T19:11:49Z
os,R4V88/Simple-filmweb-app-in-Python,manage.py,2025-03-13T03:17:14.644156,2020-10-28T19:11:49Z
sys,R4V88/Simple-filmweb-app-in-Python,manage.py,2025-03-13T03:17:14.644156,2020-10-28T19:11:49Z
django,R4V88/Simple-filmweb-app-in-Python,filmyweb/models.py,2025-03-13T03:17:14.644156,2020-10-28T19:11:49Z
django,R4V88/Simple-filmweb-app-in-Python,filmyweb/apps.py,2025-03-13T03:17:14.644156,2020-10-28T19:11:49Z
django,R4V88/Simple-filmweb-app-in-Python,filmyweb/forms.py,2025-03-13T03:17:14.644156,2020-10-28T19:11:49Z
models,R4V88/Simple-filmweb-app-in-Python,filmyweb/forms.py,2025-03-13T03:17:14.644156,2020-10-28T19:11:49Z
django,R4V88/Simple-filmweb-app-in-Python,filmyweb/admin.py,2025-03-13T03:17:14.644156,2020-10-28T19:11:49Z
models,R4V88/Simple-filmweb-app-in-Python,filmyweb/admin.py,2025-03-13T03:17:14.644156,2020-10-28T19:11:49Z
django,R4V88/Simple-filmweb-app-in-Python,filmyweb/tests.py,2025-03-13T03:17:14.644156,2020-10-28T19:11:49Z
django,R4V88/Simple-filmweb-app-in-Python,filmyweb/urls.py,2025-03-13T03:17:14.644156,2020-10-28T19:11:49Z
filmyweb,R4V88/Simple-filmweb-app-in-Python,filmyweb/urls.py,2025-03-13T03:17:14.644156,2020-10-28T19:11:49Z
forms,R4V88/Simple-filmweb-app-in-Python,filmyweb/views.py,2025-03-13T03:17:14.644156,2020-10-28T19:11:49Z
django,R4V88/Simple-filmweb-app-in-Python,filmyweb/views.py,2025-03-13T03:17:14.644156,2020-10-28T19:11:49Z
models,R4V88/Simple-filmweb-app-in-Python,filmyweb/views.py,2025-03-13T03:17:14.644156,2020-10-28T19:11:49Z
django,R4V88/Simple-filmweb-app-in-Python,filmyweb/migrations/0002_auto_20201021_2046.py,2025-03-13T03:17:14.644156,2020-10-28T19:11:49Z
paramiko,cloudfellows/stuxnet-worm,redTeam/main.py,2025-03-13T03:17:18.760968,2025-02-26T21:34:51Z
scp,cloudfellows/stuxnet-worm,redTeam/main.py,2025-03-13T03:17:18.760968,2025-02-26T21:34:51Z
PIL,cloudfellows/stuxnet-worm,redTeam/main.py,2025-03-13T03:17:18.760968,2025-02-26T21:34:51Z
getpass,cloudfellows/stuxnet-worm,redTeam/main.py,2025-03-13T03:17:18.760968,2025-02-26T21:34:51Z
socket,cloudfellows/stuxnet-worm,redTeam/main.py,2025-03-13T03:17:18.760968,2025-02-26T21:34:51Z
os,cloudfellows/stuxnet-worm,redTeam/main.py,2025-03-13T03:17:18.760968,2025-02-26T21:34:51Z
shutil,cloudfellows/stuxnet-worm,redTeam/main.py,2025-03-13T03:17:18.760968,2025-02-26T21:34:51Z
wget,cloudfellows/stuxnet-worm,redTeam/main.py,2025-03-13T03:17:18.760968,2025-02-26T21:34:51Z
classes,cloudfellows/stuxnet-worm,redTeam/main.py,2025-03-13T03:17:18.760968,2025-02-26T21:34:51Z
wmi,cloudfellows/stuxnet-worm,redTeam/main.py,2025-03-13T03:17:18.760968,2025-02-26T21:34:51Z
subprocess,cloudfellows/stuxnet-worm,redTeam/main.py,2025-03-13T03:17:18.760968,2025-02-26T21:34:51Z
wmi,cloudfellows/stuxnet-worm,redTeam/classes/gateway.py,2025-03-13T03:17:18.760968,2025-02-26T21:34:51Z
paramiko,cloudfellows/stuxnet-worm,redTeam/classes/bruteforce.py,2025-03-13T03:17:18.760968,2025-02-26T21:34:51Z
scp,cloudfellows/stuxnet-worm,redTeam/classes/bruteforce.py,2025-03-13T03:17:18.760968,2025-02-26T21:34:51Z
getpass,cloudfellows/stuxnet-worm,redTeam/classes/bruteforce.py,2025-03-13T03:17:18.760968,2025-02-26T21:34:51Z
time,cloudfellows/stuxnet-worm,redTeam/classes/bruteforce.py,2025-03-13T03:17:18.760968,2025-02-26T21:34:51Z
os,cloudfellows/stuxnet-worm,redTeam/classes/bruteforce.py,2025-03-13T03:17:18.760968,2025-02-26T21:34:51Z
urllib,cloudfellows/stuxnet-worm,redTeam/classes/bruteforce.py,2025-03-13T03:17:18.760968,2025-02-26T21:34:51Z
src,cloudfellows/stuxnet-worm,redTeam/classes/sshBlock.py,2025-03-13T03:17:18.760968,2025-02-26T21:34:51Z
time,cloudfellows/stuxnet-worm,redTeam/classes/sshBlock.py,2025-03-13T03:17:18.760968,2025-02-26T21:34:51Z
_thread,cloudfellows/stuxnet-worm,redTeam/classes/sshBlock.py,2025-03-13T03:17:18.760968,2025-02-26T21:34:51Z
re,cloudfellows/stuxnet-worm,redTeam/classes/sshBlock.py,2025-03-13T03:17:18.760968,2025-02-26T21:34:51Z
thread,cloudfellows/stuxnet-worm,redTeam/classes/sshBlock.py,2025-03-13T03:17:18.760968,2025-02-26T21:34:51Z
scapy,cloudfellows/stuxnet-worm,redTeam/classes/arpy.py,2025-03-13T03:17:18.760968,2025-02-26T21:34:51Z
pyzipper,cloudfellows/stuxnet-worm,blueTeam/backup.py,2025-03-13T03:17:18.760968,2025-02-26T21:34:51Z
os,cloudfellows/stuxnet-worm,blueTeam/backup.py,2025-03-13T03:17:18.760968,2025-02-26T21:34:51Z
datetime,cloudfellows/stuxnet-worm,blueTeam/backup.py,2025-03-13T03:17:18.760968,2025-02-26T21:34:51Z
shutil,cloudfellows/stuxnet-worm,blueTeam/backup.py,2025-03-13T03:17:18.760968,2025-02-26T21:34:51Z
classess,cloudfellows/stuxnet-worm,blueTeam/main.py,2025-03-13T03:17:18.760968,2025-02-26T21:34:51Z
cryptography,cloudfellows/stuxnet-worm,blueTeam/main.py,2025-03-13T03:17:18.760968,2025-02-26T21:34:51Z
time,cloudfellows/stuxnet-worm,blueTeam/main.py,2025-03-13T03:17:18.760968,2025-02-26T21:34:51Z
os,cloudfellows/stuxnet-worm,blueTeam/main.py,2025-03-13T03:17:18.760968,2025-02-26T21:34:51Z
socket,cloudfellows/stuxnet-worm,blueTeam/main.py,2025-03-13T03:17:18.760968,2025-02-26T21:34:51Z
sys,cloudfellows/stuxnet-worm,blueTeam/main.py,2025-03-13T03:17:18.760968,2025-02-26T21:34:51Z
cryptography,cloudfellows/stuxnet-worm,blueTeam/classess/encrypt.py,2025-03-13T03:17:18.760968,2025-02-26T21:34:51Z
os,cloudfellows/stuxnet-worm,blueTeam/classess/encrypt.py,2025-03-13T03:17:18.760968,2025-02-26T21:34:51Z
time,cloudfellows/stuxnet-worm,blueTeam/classess/encrypt.py,2025-03-13T03:17:18.760968,2025-02-26T21:34:51Z
zipper,cloudfellows/stuxnet-worm,blueTeam/classess/encrypt.py,2025-03-13T03:17:18.760968,2025-02-26T21:34:51Z
os,cloudfellows/stuxnet-worm,blueTeam/classess/remove_files.py,2025-03-13T03:17:18.760968,2025-02-26T21:34:51Z
shutil,cloudfellows/stuxnet-worm,blueTeam/classess/remove_files.py,2025-03-13T03:17:18.760968,2025-02-26T21:34:51Z
tqdm,Salehbigdeli/raytracer,main.py,2025-03-13T03:17:20.780753,2021-01-24T23:17:42Z
raytracer,Salehbigdeli/raytracer,main.py,2025-03-13T03:17:20.780753,2021-01-24T23:17:42Z
math,Salehbigdeli/raytracer,raytracer/substances.py,2025-03-13T03:17:20.780753,2021-01-24T23:17:42Z
numpy,oi111/test_1,Std.py,2025-03-13T03:17:21.501403,2020-11-30T17:51:38Z
Data,oi111/test_1,Std.py,2025-03-13T03:17:21.501403,2020-11-30T17:51:38Z
Data,oi111/test_1,Feature.py,2025-03-13T03:17:21.501403,2020-11-30T17:51:38Z
numpy,oi111/test_1,test2.py,2025-03-13T03:17:21.501403,2020-11-30T17:51:38Z
pandas,oi111/test_1,test2.py,2025-03-13T03:17:21.501403,2020-11-30T17:51:38Z
sklearn,oi111/test_1,Model.py,2025-03-13T03:17:21.501403,2020-11-30T17:51:38Z
tensorflow,oi111/test_1,Model.py,2025-03-13T03:17:21.501403,2020-11-30T17:51:38Z
numpy,oi111/test_1,Model.py,2025-03-13T03:17:21.501403,2020-11-30T17:51:38Z
xgboost,oi111/test_1,Model.py,2025-03-13T03:17:21.501403,2020-11-30T17:51:38Z
Std,oi111/test_1,Process.py,2025-03-13T03:17:21.501403,2020-11-30T17:51:38Z
Feature,oi111/test_1,Process.py,2025-03-13T03:17:21.501403,2020-11-30T17:51:38Z
tensorflow,oi111/test_1,Process.py,2025-03-13T03:17:21.501403,2020-11-30T17:51:38Z
ProcessTrainData,oi111/test_1,Process.py,2025-03-13T03:17:21.501403,2020-11-30T17:51:38Z
Data,oi111/test_1,Process.py,2025-03-13T03:17:21.501403,2020-11-30T17:51:38Z
sklearn,oi111/test_1,Process.py,2025-03-13T03:17:21.501403,2020-11-30T17:51:38Z
random,oi111/test_1,Process.py,2025-03-13T03:17:21.501403,2020-11-30T17:51:38Z
pandas,oi111/test_1,Process.py,2025-03-13T03:17:21.501403,2020-11-30T17:51:38Z
Model,oi111/test_1,Process.py,2025-03-13T03:17:21.501403,2020-11-30T17:51:38Z
numpy,oi111/test_1,Process.py,2025-03-13T03:17:21.501403,2020-11-30T17:51:38Z
test,oi111/test_1,Process.py,2025-03-13T03:17:21.501403,2020-11-30T17:51:38Z
Feature,oi111/test_1,ProcessTrainData.py,2025-03-13T03:17:21.501403,2020-11-30T17:51:38Z
random,oi111/test_1,ProcessTrainData.py,2025-03-13T03:17:21.501403,2020-11-30T17:51:38Z
test,oi111/test_1,ProcessTrainData.py,2025-03-13T03:17:21.501403,2020-11-30T17:51:38Z
Data,oi111/test_1,ProcessTrainData.py,2025-03-13T03:17:21.501403,2020-11-30T17:51:38Z
Process,oi111/test_1,main.py,2025-03-13T03:17:21.501403,2020-11-30T17:51:38Z
setuptools,oi111/test_1,venv/Lib/site-packages/easy_install.py,2025-03-13T03:17:21.501403,2020-11-30T17:51:38Z
typing,oi111/test_1,venv/Lib/site-packages/pip/__init__.py,2025-03-13T03:17:21.501403,2020-11-30T17:51:38Z
pip,oi111/test_1,venv/Lib/site-packages/pip/__init__.py,2025-03-13T03:17:21.501403,2020-11-30T17:51:38Z
os,Edt12/Platform-Fighting-game-WIP,Platformer gane.py,2025-03-13T03:17:24.070624,2022-12-21T09:26:03Z
pygame,Edt12/Platform-Fighting-game-WIP,Platformer gane.py,2025-03-13T03:17:24.070624,2022-12-21T09:26:03Z
sys,Edt12/Platform-Fighting-game-WIP,Platformer gane.py,2025-03-13T03:17:24.070624,2022-12-21T09:26:03Z
turtle,Edt12/Platform-Fighting-game-WIP,Platformer gane.py,2025-03-13T03:17:24.070624,2022-12-21T09:26:03Z
site,PawQualityProducts/HeifER,Prototype/venv/bin/activate_this.py,2025-03-13T03:17:25.362416,2025-01-08T22:28:37Z
os,PawQualityProducts/HeifER,Prototype/venv/bin/activate_this.py,2025-03-13T03:17:25.362416,2025-01-08T22:28:37Z
sys,PawQualityProducts/HeifER,Prototype/venv/bin/activate_this.py,2025-03-13T03:17:25.362416,2025-01-08T22:28:37Z
sklearn,PRATIK-BOTHRA/c142,content_filtering.py,2025-03-13T03:17:27.897394,2022-09-11T09:13:37Z
pandas,PRATIK-BOTHRA/c142,content_filtering.py,2025-03-13T03:17:27.897394,2022-09-11T09:13:37Z
flask,PRATIK-BOTHRA/c142,main.py,2025-03-13T03:17:27.897394,2022-09-11T09:13:37Z
demographic_filtering,PRATIK-BOTHRA/c142,main.py,2025-03-13T03:17:27.897394,2022-09-11T09:13:37Z
content_filtering,PRATIK-BOTHRA/c142,main.py,2025-03-13T03:17:27.897394,2022-09-11T09:13:37Z
pandas,PRATIK-BOTHRA/c142,main.py,2025-03-13T03:17:27.897394,2022-09-11T09:13:37Z
pandas,PRATIK-BOTHRA/c142,demographic_filtering.py,2025-03-13T03:17:27.897394,2022-09-11T09:13:37Z
random,DavideRebuffo/compiti_vacanze,es_17_vacanze.py,2025-03-13T03:17:28.645412,2022-09-11T09:14:23Z
collections,DavideRebuffo/compiti_vacanze,es_17_vacanze.py,2025-03-13T03:17:28.645412,2022-09-11T09:14:23Z
pathlib,sskyu1/djangogram,manage.py,2025-03-13T03:17:29.364019,2022-09-11T09:17:24Z
os,sskyu1/djangogram,manage.py,2025-03-13T03:17:29.364019,2022-09-11T09:17:24Z
sys,sskyu1/djangogram,manage.py,2025-03-13T03:17:29.364019,2022-09-11T09:17:24Z
django,sskyu1/djangogram,manage.py,2025-03-13T03:17:29.364019,2022-09-11T09:17:24Z
debug_toolbar,sskyu1/djangogram,config/urls.py,2025-03-13T03:17:29.364019,2022-09-11T09:17:24Z
django,sskyu1/djangogram,config/urls.py,2025-03-13T03:17:29.364019,2022-09-11T09:17:24Z
pathlib,sskyu1/djangogram,config/wsgi.py,2025-03-13T03:17:29.364019,2022-09-11T09:17:24Z
os,sskyu1/djangogram,config/wsgi.py,2025-03-13T03:17:29.364019,2022-09-11T09:17:24Z
sys,sskyu1/djangogram,config/wsgi.py,2025-03-13T03:17:29.364019,2022-09-11T09:17:24Z
django,sskyu1/djangogram,config/wsgi.py,2025-03-13T03:17:29.364019,2022-09-11T09:17:24Z
base,sskyu1/djangogram,config/settings/local.py,2025-03-13T03:17:29.364019,2022-09-11T09:17:24Z
base,sskyu1/djangogram,config/settings/test.py,2025-03-13T03:17:29.364019,2022-09-11T09:17:24Z
pathlib,sskyu1/djangogram,config/settings/base.py,2025-03-13T03:17:29.364019,2022-09-11T09:17:24Z
environ,sskyu1/djangogram,config/settings/base.py,2025-03-13T03:17:29.364019,2022-09-11T09:17:24Z
base,sskyu1/djangogram,config/settings/production.py,2025-03-13T03:17:29.364019,2022-09-11T09:17:24Z
django,sskyu1/djangogram,docs/conf.py,2025-03-13T03:17:29.364019,2022-09-11T09:17:24Z
os,sskyu1/djangogram,docs/conf.py,2025-03-13T03:17:29.364019,2022-09-11T09:17:24Z
sys,sskyu1/djangogram,docs/conf.py,2025-03-13T03:17:29.364019,2022-09-11T09:17:24Z
irs_configs,jsfenfen/irs_527,get_files.py,2025-03-13T03:17:30.040119,2020-06-02T17:03:51Z
requests,jsfenfen/irs_527,get_files.py,2025-03-13T03:17:30.040119,2020-06-02T17:03:51Z
irs_configs,jsfenfen/irs_527,cut_files.py,2025-03-13T03:17:30.040119,2020-06-02T17:03:51Z
django,jsfenfen/irs_527,irs/manage.py,2025-03-13T03:17:30.040119,2020-06-02T17:03:51Z
os,jsfenfen/irs_527,irs/manage.py,2025-03-13T03:17:30.040119,2020-06-02T17:03:51Z
sys,jsfenfen/irs_527,irs/manage.py,2025-03-13T03:17:30.040119,2020-06-02T17:03:51Z
django,jsfenfen/irs_527,irs/irsdata/models.py,2025-03-13T03:17:30.040119,2020-06-02T17:03:51Z
django,jsfenfen/irs_527,irs/irsdata/admin.py,2025-03-13T03:17:30.040119,2020-06-02T17:03:51Z
django,jsfenfen/irs_527,irs/irsdata/tests.py,2025-03-13T03:17:30.040119,2020-06-02T17:03:51Z
catkin_pkg,Furkan9268/turtlebot_create,create_node/setup.py,2025-03-13T03:17:30.659776,2015-07-21T13:23:08Z
distutils,Furkan9268/turtlebot_create,create_node/setup.py,2025-03-13T03:17:30.659776,2015-07-21T13:23:08Z
dynamic_reconfigure,Furkan9268/turtlebot_create,create_node/nodes/turtlebot_node.py,2025-03-13T03:17:30.659776,2015-07-21T13:23:08Z
create_node,Furkan9268/turtlebot_create,create_node/nodes/turtlebot_node.py,2025-03-13T03:17:30.659776,2015-07-21T13:23:08Z
nav_msgs,Furkan9268/turtlebot_create,create_node/nodes/turtlebot_node.py,2025-03-13T03:17:30.659776,2015-07-21T13:23:08Z
select,Furkan9268/turtlebot_create,create_node/nodes/turtlebot_node.py,2025-03-13T03:17:30.659776,2015-07-21T13:23:08Z
rospkg,Furkan9268/turtlebot_create,create_node/nodes/turtlebot_node.py,2025-03-13T03:17:30.659776,2015-07-21T13:23:08Z
time,Furkan9268/turtlebot_create,create_node/nodes/turtlebot_node.py,2025-03-13T03:17:30.659776,2015-07-21T13:23:08Z
tf,Furkan9268/turtlebot_create,create_node/nodes/turtlebot_node.py,2025-03-13T03:17:30.659776,2015-07-21T13:23:08Z
serial,Furkan9268/turtlebot_create,create_node/nodes/turtlebot_node.py,2025-03-13T03:17:30.659776,2015-07-21T13:23:08Z
os,Furkan9268/turtlebot_create,create_node/nodes/turtlebot_node.py,2025-03-13T03:17:30.659776,2015-07-21T13:23:08Z
termios,Furkan9268/turtlebot_create,create_node/nodes/turtlebot_node.py,2025-03-13T03:17:30.659776,2015-07-21T13:23:08Z
create_driver,Furkan9268/turtlebot_create,create_node/nodes/turtlebot_node.py,2025-03-13T03:17:30.659776,2015-07-21T13:23:08Z
rospy,Furkan9268/turtlebot_create,create_node/nodes/turtlebot_node.py,2025-03-13T03:17:30.659776,2015-07-21T13:23:08Z
geometry_msgs,Furkan9268/turtlebot_create,create_node/nodes/turtlebot_node.py,2025-03-13T03:17:30.659776,2015-07-21T13:23:08Z
sys,Furkan9268/turtlebot_create,create_node/nodes/turtlebot_node.py,2025-03-13T03:17:30.659776,2015-07-21T13:23:08Z
math,Furkan9268/turtlebot_create,create_node/nodes/turtlebot_node.py,2025-03-13T03:17:30.659776,2015-07-21T13:23:08Z
sensor_msgs,Furkan9268/turtlebot_create,create_node/nodes/turtlebot_node.py,2025-03-13T03:17:30.659776,2015-07-21T13:23:08Z
roslib,Furkan9268/turtlebot_create,create_node/nodes/turtlebot_node.py,2025-03-13T03:17:30.659776,2015-07-21T13:23:08Z
create_node,Furkan9268/turtlebot_create,create_node/scripts/kinect_breaker_enabler.py,2025-03-13T03:17:30.659776,2015-07-21T13:23:08Z
roslib,Furkan9268/turtlebot_create,create_node/scripts/kinect_breaker_enabler.py,2025-03-13T03:17:30.659776,2015-07-21T13:23:08Z
rospy,Furkan9268/turtlebot_create,create_node/scripts/kinect_breaker_enabler.py,2025-03-13T03:17:30.659776,2015-07-21T13:23:08Z
yaml,Furkan9268/turtlebot_create,create_node/scripts/load_calib.py,2025-03-13T03:17:30.659776,2015-07-21T13:23:08Z
dynamic_reconfigure,Furkan9268/turtlebot_create,create_node/scripts/load_calib.py,2025-03-13T03:17:30.659776,2015-07-21T13:23:08Z
create_node,Furkan9268/turtlebot_create,create_node/scripts/load_calib.py,2025-03-13T03:17:30.659776,2015-07-21T13:23:08Z
rospkg,Furkan9268/turtlebot_create,create_node/scripts/load_calib.py,2025-03-13T03:17:30.659776,2015-07-21T13:23:08Z
subprocess,Furkan9268/turtlebot_create,create_node/scripts/load_calib.py,2025-03-13T03:17:30.659776,2015-07-21T13:23:08Z
os,Furkan9268/turtlebot_create,create_node/scripts/load_calib.py,2025-03-13T03:17:30.659776,2015-07-21T13:23:08Z
rospy,Furkan9268/turtlebot_create,create_node/scripts/load_calib.py,2025-03-13T03:17:30.659776,2015-07-21T13:23:08Z
roslib,Furkan9268/turtlebot_create,create_node/scripts/load_calib.py,2025-03-13T03:17:30.659776,2015-07-21T13:23:08Z
roomba_sensor_handler,Furkan9268/turtlebot_create,create_node/src/create_node/robot_types.py,2025-03-13T03:17:30.659776,2015-07-21T13:23:08Z
create_sensor_handler,Furkan9268/turtlebot_create,create_node/src/create_node/robot_types.py,2025-03-13T03:17:30.659776,2015-07-21T13:23:08Z
logging,Furkan9268/turtlebot_create,create_node/src/create_node/create_sensor_handler.py,2025-03-13T03:17:30.659776,2015-07-21T13:23:08Z
struct,Furkan9268/turtlebot_create,create_node/src/create_node/create_sensor_handler.py,2025-03-13T03:17:30.659776,2015-07-21T13:23:08Z
time,Furkan9268/turtlebot_create,create_node/src/create_node/create_sensor_handler.py,2025-03-13T03:17:30.659776,2015-07-21T13:23:08Z
create_driver,Furkan9268/turtlebot_create,create_node/src/create_node/create_sensor_handler.py,2025-03-13T03:17:30.659776,2015-07-21T13:23:08Z
rospy,Furkan9268/turtlebot_create,create_node/src/create_node/create_sensor_handler.py,2025-03-13T03:17:30.659776,2015-07-21T13:23:08Z
math,Furkan9268/turtlebot_create,create_node/src/create_node/create_sensor_handler.py,2025-03-13T03:17:30.659776,2015-07-21T13:23:08Z
roslib,Furkan9268/turtlebot_create,create_node/src/create_node/create_sensor_handler.py,2025-03-13T03:17:30.659776,2015-07-21T13:23:08Z
std_msgs,Furkan9268/turtlebot_create,create_node/src/create_node/roomba_sensor_handler.py,2025-03-13T03:17:30.659776,2015-07-21T13:23:08Z
logging,Furkan9268/turtlebot_create,create_node/src/create_node/roomba_sensor_handler.py,2025-03-13T03:17:30.659776,2015-07-21T13:23:08Z
robot_types,Furkan9268/turtlebot_create,create_node/src/create_node/roomba_sensor_handler.py,2025-03-13T03:17:30.659776,2015-07-21T13:23:08Z
struct,Furkan9268/turtlebot_create,create_node/src/create_node/roomba_sensor_handler.py,2025-03-13T03:17:30.659776,2015-07-21T13:23:08Z
time,Furkan9268/turtlebot_create,create_node/src/create_node/roomba_sensor_handler.py,2025-03-13T03:17:30.659776,2015-07-21T13:23:08Z
create_driver,Furkan9268/turtlebot_create,create_node/src/create_node/roomba_sensor_handler.py,2025-03-13T03:17:30.659776,2015-07-21T13:23:08Z
rospy,Furkan9268/turtlebot_create,create_node/src/create_node/roomba_sensor_handler.py,2025-03-13T03:17:30.659776,2015-07-21T13:23:08Z
math,Furkan9268/turtlebot_create,create_node/src/create_node/roomba_sensor_handler.py,2025-03-13T03:17:30.659776,2015-07-21T13:23:08Z
diagnostic_msgs,Furkan9268/turtlebot_create,create_node/src/create_node/diagnostics.py,2025-03-13T03:17:30.659776,2015-07-21T13:23:08Z
rospy,Furkan9268/turtlebot_create,create_node/src/create_node/diagnostics.py,2025-03-13T03:17:30.659776,2015-07-21T13:23:08Z
setuptools,dz0ny/gp.recipe.node,bootstrap.py,2025-03-13T03:17:31.451536,2019-11-04T09:03:08Z
urllib,dz0ny/gp.recipe.node,bootstrap.py,2025-03-13T03:17:31.451536,2019-11-04T09:03:08Z
zc,dz0ny/gp.recipe.node,bootstrap.py,2025-03-13T03:17:31.451536,2019-11-04T09:03:08Z
urllib2,dz0ny/gp.recipe.node,bootstrap.py,2025-03-13T03:17:31.451536,2019-11-04T09:03:08Z
optparse,dz0ny/gp.recipe.node,bootstrap.py,2025-03-13T03:17:31.451536,2019-11-04T09:03:08Z
tempfile,dz0ny/gp.recipe.node,bootstrap.py,2025-03-13T03:17:31.451536,2019-11-04T09:03:08Z
os,dz0ny/gp.recipe.node,bootstrap.py,2025-03-13T03:17:31.451536,2019-11-04T09:03:08Z
shutil,dz0ny/gp.recipe.node,bootstrap.py,2025-03-13T03:17:31.451536,2019-11-04T09:03:08Z
site,dz0ny/gp.recipe.node,bootstrap.py,2025-03-13T03:17:31.451536,2019-11-04T09:03:08Z
pkg_resources,dz0ny/gp.recipe.node,bootstrap.py,2025-03-13T03:17:31.451536,2019-11-04T09:03:08Z
sys,dz0ny/gp.recipe.node,bootstrap.py,2025-03-13T03:17:31.451536,2019-11-04T09:03:08Z
subprocess,dz0ny/gp.recipe.node,bootstrap.py,2025-03-13T03:17:31.451536,2019-11-04T09:03:08Z
setuptools,dz0ny/gp.recipe.node,setup.py,2025-03-13T03:17:31.451536,2019-11-04T09:03:08Z
os,dz0ny/gp.recipe.node,setup.py,2025-03-13T03:17:31.451536,2019-11-04T09:03:08Z
unittest,dz0ny/gp.recipe.node,tests.py,2025-03-13T03:17:31.451536,2019-11-04T09:03:08Z
zc,dz0ny/gp.recipe.node,tests.py,2025-03-13T03:17:31.451536,2019-11-04T09:03:08Z
tempfile,dz0ny/gp.recipe.node,tests.py,2025-03-13T03:17:31.451536,2019-11-04T09:03:08Z
gp,dz0ny/gp.recipe.node,tests.py,2025-03-13T03:17:31.451536,2019-11-04T09:03:08Z
io,dz0ny/gp.recipe.node,tests.py,2025-03-13T03:17:31.451536,2019-11-04T09:03:08Z
os,dz0ny/gp.recipe.node,tests.py,2025-03-13T03:17:31.451536,2019-11-04T09:03:08Z
shutil,dz0ny/gp.recipe.node,tests.py,2025-03-13T03:17:31.451536,2019-11-04T09:03:08Z
StringIO,dz0ny/gp.recipe.node,tests.py,2025-03-13T03:17:31.451536,2019-11-04T09:03:08Z
sys,dz0ny/gp.recipe.node,tests.py,2025-03-13T03:17:31.451536,2019-11-04T09:03:08Z
subprocess,dz0ny/gp.recipe.node,tests.py,2025-03-13T03:17:31.451536,2019-11-04T09:03:08Z
re,dz0ny/gp.recipe.node,update_node_version.py,2025-03-13T03:17:31.451536,2019-11-04T09:03:08Z
urllib,dz0ny/gp.recipe.node,update_node_version.py,2025-03-13T03:17:31.451536,2019-11-04T09:03:08Z
pkgutil,dz0ny/gp.recipe.node,gp/__init__.py,2025-03-13T03:17:31.451536,2019-11-04T09:03:08Z
pkgutil,dz0ny/gp.recipe.node,gp/recipe/__init__.py,2025-03-13T03:17:31.451536,2019-11-04T09:03:08Z
glob,dz0ny/gp.recipe.node,gp/recipe/node/__init__.py,2025-03-13T03:17:31.451536,2019-11-04T09:03:08Z
logging,dz0ny/gp.recipe.node,gp/recipe/node/__init__.py,2025-03-13T03:17:31.451536,2019-11-04T09:03:08Z
zc,dz0ny/gp.recipe.node,gp/recipe/node/__init__.py,2025-03-13T03:17:31.451536,2019-11-04T09:03:08Z
archive,dz0ny/gp.recipe.node,gp/recipe/node/__init__.py,2025-03-13T03:17:31.451536,2019-11-04T09:03:08Z
os,dz0ny/gp.recipe.node,gp/recipe/node/__init__.py,2025-03-13T03:17:31.451536,2019-11-04T09:03:08Z
pkg_resources,dz0ny/gp.recipe.node,gp/recipe/node/__init__.py,2025-03-13T03:17:31.451536,2019-11-04T09:03:08Z
sys,dz0ny/gp.recipe.node,gp/recipe/node/__init__.py,2025-03-13T03:17:31.451536,2019-11-04T09:03:08Z
subprocess,dz0ny/gp.recipe.node,gp/recipe/node/__init__.py,2025-03-13T03:17:31.451536,2019-11-04T09:03:08Z
pipes,dz0ny/gp.recipe.node,gp/recipe/node/__init__.py,2025-03-13T03:17:31.451536,2019-11-04T09:03:08Z
os,dz0ny/gp.recipe.node,gp/recipe/node/script.py,2025-03-13T03:17:31.451536,2019-11-04T09:03:08Z
sys,dz0ny/gp.recipe.node,gp/recipe/node/script.py,2025-03-13T03:17:31.451536,2019-11-04T09:03:08Z
distutils,MeGaPk/makerbot-gen5-api,python/setup.py,2025-03-13T03:17:32.114700,2015-07-21T13:24:32Z
urllib2,MeGaPk/makerbot-gen5-api,python/makerbotapi/makerbotapi_test.py,2025-03-13T03:17:32.114700,2015-07-21T13:24:32Z
json,MeGaPk/makerbot-gen5-api,python/makerbotapi/makerbotapi_test.py,2025-03-13T03:17:32.114700,2015-07-21T13:24:32Z
time,MeGaPk/makerbot-gen5-api,python/makerbotapi/makerbotapi_test.py,2025-03-13T03:17:32.114700,2015-07-21T13:24:32Z
mock,MeGaPk/makerbot-gen5-api,python/makerbotapi/makerbotapi_test.py,2025-03-13T03:17:32.114700,2015-07-21T13:24:32Z
socket,MeGaPk/makerbot-gen5-api,python/makerbotapi/makerbotapi_test.py,2025-03-13T03:17:32.114700,2015-07-21T13:24:32Z
os,MeGaPk/makerbot-gen5-api,python/makerbotapi/makerbotapi_test.py,2025-03-13T03:17:32.114700,2015-07-21T13:24:32Z
StringIO,MeGaPk/makerbot-gen5-api,python/makerbotapi/makerbotapi_test.py,2025-03-13T03:17:32.114700,2015-07-21T13:24:32Z
cStringIO,MeGaPk/makerbot-gen5-api,python/makerbotapi/makerbotapi_test.py,2025-03-13T03:17:32.114700,2015-07-21T13:24:32Z
makerbotapi,MeGaPk/makerbot-gen5-api,python/makerbotapi/makerbotapi_test.py,2025-03-13T03:17:32.114700,2015-07-21T13:24:32Z
unittest,MeGaPk/makerbot-gen5-api,python/makerbotapi/makerbotapi_test.py,2025-03-13T03:17:32.114700,2015-07-21T13:24:32Z
makerbotapi,MeGaPk/makerbot-gen5-api,python/makerbotapi/__init__.py,2025-03-13T03:17:32.114700,2015-07-21T13:24:32Z
__future__,MeGaPk/makerbot-gen5-api,python/makerbotapi/png.py,2025-03-13T03:17:32.114700,2015-07-21T13:24:32Z
struct,MeGaPk/makerbot-gen5-api,python/makerbotapi/png.py,2025-03-13T03:17:32.114700,2015-07-21T13:24:32Z
tempfile,MeGaPk/makerbot-gen5-api,python/makerbotapi/png.py,2025-03-13T03:17:32.114700,2015-07-21T13:24:32Z
operator,MeGaPk/makerbot-gen5-api,python/makerbotapi/png.py,2025-03-13T03:17:32.114700,2015-07-21T13:24:32Z
zlib,MeGaPk/makerbot-gen5-api,python/makerbotapi/png.py,2025-03-13T03:17:32.114700,2015-07-21T13:24:32Z
warnings,MeGaPk/makerbot-gen5-api,python/makerbotapi/png.py,2025-03-13T03:17:32.114700,2015-07-21T13:24:32Z
sys,MeGaPk/makerbot-gen5-api,python/makerbotapi/png.py,2025-03-13T03:17:32.114700,2015-07-21T13:24:32Z
math,MeGaPk/makerbot-gen5-api,python/makerbotapi/png.py,2025-03-13T03:17:32.114700,2015-07-21T13:24:32Z
array,MeGaPk/makerbot-gen5-api,python/makerbotapi/png.py,2025-03-13T03:17:32.114700,2015-07-21T13:24:32Z
unittest,MeGaPk/makerbot-gen5-api,python/makerbotapi/png.py,2025-03-13T03:17:32.114700,2015-07-21T13:24:32Z
ctypes,MeGaPk/makerbot-gen5-api,python/makerbotapi/makerbotapi.py,2025-03-13T03:17:32.114700,2015-07-21T13:24:32Z
urllib2,MeGaPk/makerbot-gen5-api,python/makerbotapi/makerbotapi.py,2025-03-13T03:17:32.114700,2015-07-21T13:24:32Z
json,MeGaPk/makerbot-gen5-api,python/makerbotapi/makerbotapi.py,2025-03-13T03:17:32.114700,2015-07-21T13:24:32Z
struct,MeGaPk/makerbot-gen5-api,python/makerbotapi/makerbotapi.py,2025-03-13T03:17:32.114700,2015-07-21T13:24:32Z
time,MeGaPk/makerbot-gen5-api,python/makerbotapi/makerbotapi.py,2025-03-13T03:17:32.114700,2015-07-21T13:24:32Z
socket,MeGaPk/makerbot-gen5-api,python/makerbotapi/makerbotapi.py,2025-03-13T03:17:32.114700,2015-07-21T13:24:32Z
os,MeGaPk/makerbot-gen5-api,python/makerbotapi/makerbotapi.py,2025-03-13T03:17:32.114700,2015-07-21T13:24:32Z
png,MeGaPk/makerbot-gen5-api,python/makerbotapi/makerbotapi.py,2025-03-13T03:17:32.114700,2015-07-21T13:24:32Z
sys,MeGaPk/makerbot-gen5-api,python/makerbotapi/makerbotapi.py,2025-03-13T03:17:32.114700,2015-07-21T13:24:32Z
thread,MeGaPk/makerbot-gen5-api,python/makerbotapi/makerbotapi.py,2025-03-13T03:17:32.114700,2015-07-21T13:24:32Z
urllib,MeGaPk/makerbot-gen5-api,python/makerbotapi/makerbotapi.py,2025-03-13T03:17:32.114700,2015-07-21T13:24:32Z
makerbotapi,MeGaPk/makerbot-gen5-api,python/examples/save_camera_png.py,2025-03-13T03:17:32.114700,2015-07-21T13:24:32Z
os,MeGaPk/makerbot-gen5-api,python/examples/save_camera_png.py,2025-03-13T03:17:32.114700,2015-07-21T13:24:32Z
sys,MeGaPk/makerbot-gen5-api,python/examples/save_camera_png.py,2025-03-13T03:17:32.114700,2015-07-21T13:24:32Z
time,MeGaPk/makerbot-gen5-api,python/examples/save_camera_png.py,2025-03-13T03:17:32.114700,2015-07-21T13:24:32Z
makerbotapi,MeGaPk/makerbot-gen5-api,python/examples/discover.py,2025-03-13T03:17:32.114700,2015-07-21T13:24:32Z
sys,MeGaPk/makerbot-gen5-api,python/examples/discover.py,2025-03-13T03:17:32.114700,2015-07-21T13:24:32Z
makerbotapi,MeGaPk/makerbot-gen5-api,python/examples/config_example.py,2025-03-13T03:17:32.114700,2015-07-21T13:24:32Z
sys,MeGaPk/makerbot-gen5-api,python/examples/config_example.py,2025-03-13T03:17:32.114700,2015-07-21T13:24:32Z
makerbotapi,MeGaPk/makerbot-gen5-api,python/examples/print_system_info.py,2025-03-13T03:17:32.114700,2015-07-21T13:24:32Z
sys,MeGaPk/makerbot-gen5-api,python/examples/print_system_info.py,2025-03-13T03:17:32.114700,2015-07-21T13:24:32Z
__future__,leafiy/sublime-less2css,lesscompiler.py,2025-03-13T03:17:32.751537,2015-07-21T13:24:43Z
sublime,leafiy/sublime-less2css,lesscompiler.py,2025-03-13T03:17:32.751537,2015-07-21T13:24:43Z
platform,leafiy/sublime-less2css,lesscompiler.py,2025-03-13T03:17:32.751537,2015-07-21T13:24:43Z
os,leafiy/sublime-less2css,lesscompiler.py,2025-03-13T03:17:32.751537,2015-07-21T13:24:43Z
re,leafiy/sublime-less2css,lesscompiler.py,2025-03-13T03:17:32.751537,2015-07-21T13:24:43Z
sys,leafiy/sublime-less2css,lesscompiler.py,2025-03-13T03:17:32.751537,2015-07-21T13:24:43Z
subprocess,leafiy/sublime-less2css,lesscompiler.py,2025-03-13T03:17:32.751537,2015-07-21T13:24:43Z
os,leafiy/sublime-less2css,less2css.py,2025-03-13T03:17:32.751537,2015-07-21T13:24:43Z
sublime,leafiy/sublime-less2css,less2css.py,2025-03-13T03:17:32.751537,2015-07-21T13:24:43Z
sublime_plugin,leafiy/sublime-less2css,less2css.py,2025-03-13T03:17:32.751537,2015-07-21T13:24:43Z
lesscompiler,leafiy/sublime-less2css,less2css.py,2025-03-13T03:17:32.751537,2015-07-21T13:24:43Z
lesscompiler,leafiy/sublime-less2css,tests/tests.py,2025-03-13T03:17:32.751537,2015-07-21T13:24:43Z
tempfile,leafiy/sublime-less2css,tests/tests.py,2025-03-13T03:17:32.751537,2015-07-21T13:24:43Z
os,leafiy/sublime-less2css,tests/tests.py,2025-03-13T03:17:32.751537,2015-07-21T13:24:43Z
sys,leafiy/sublime-less2css,tests/tests.py,2025-03-13T03:17:32.751537,2015-07-21T13:24:43Z
unittest,leafiy/sublime-less2css,tests/tests.py,2025-03-13T03:17:32.751537,2015-07-21T13:24:43Z
